Object,Type,RA (h),DEC (deg),Magnitude,Size (arcminutes),NGC#,Constellation,Detailed Type,Common Name
24 Boo b,,217.1555242,49.8446488,,,,,,
55 Cnc b,,133.1468373,28.3298154,,,,,,
55 Cnc c,,133.1468373,28.3298154,,,,,,
55 Cnc d,,133.1468373,28.3298154,,,,,,
55 Cnc e,,133.1468373,28.3298154,,,,,,
55 Cnc f,,133.1468373,28.3298154,,,,,,
61 Vir b,,199.596455,-18.3157745,,,,,,
61 Vir c,,199.596455,-18.3157745,,,,,,
61 Vir d,,199.596455,-18.3157745,,,,,,
AU Mic b,,311.2911369,-31.34245,,,,,,
AU Mic c,,311.2911369,-31.34245,,,,,,
BD-06 1339 b,,88.2511811,-5.9963378,,,,,,
BD-06 1339 c,,88.2511811,-5.9963378,,,,,,
BD-08 2823 b,,150.1971964,-9.5165689,,,,,,
BD-08 2823 c,,150.1971964,-9.5165689,,,,,,
BD-11 4672 b,,278.3688659,-11.6370481,,,,,,
BD-11 4672 c,,278.3688659,-11.6370481,,,,,,
BD-210397 b,,33.3024198,-21.1962147,,,,,,
BD-210397 c,,33.3024198,-21.1962147,,,,,,
Barnard b,,269.4486144,4.7379808,,,,,,
CD Cet b,,48.3530155,4.7751881,,,,,,
CoRoT-7 b,,100.9561682,-1.0630076,,,,,,
CoRoT-7 c,,100.9561682,-1.0630076,,,,,,
DMPP-3 A b,,91.624382,-72.5126648,,,,,,
EPIC 201170410.02,,170.1408561,-4.8070039,,,,,,
EPIC 201757695.02,,173.9385102,4.6164303,,,,,,
EPIC 201841433 b,,175.206752,6.1348146,,,,,,
EPIC 211822797 b,,130.4102091,17.6399744,,,,,,
EPIC 212737443 b,,204.2215065,-7.3180577,,,,,,
EPIC 212737443 c,,204.2215065,-7.3180577,,,,,,
EPIC 220674823 b,,13.0800239,10.7947051,,,,,,
EPIC 220674823 c,,13.0800239,10.7947051,,,,,,
EPIC 229004835 b,,186.4860415,-1.4047214,,,,,,
EPIC 249893012 b,,228.2482353,-16.7246474,,,,,,
EPIC 249893012 c,,228.2482353,-16.7246474,,,,,,
EPIC 249893012 d,,228.2482353,-16.7246474,,,,,,
G 264-012 b,,326.6719598,66.803848,,,,,,
G 264-012 c,,326.6719598,66.803848,,,,,,
GJ 1002 b,,1.6764641,-7.5462123,,,,,,
GJ 1002 c,,1.6764641,-7.5462123,,,,,,
GJ 1061 b,,54.0032486,-44.5143104,,,,,,
GJ 1061 c,,54.0032486,-44.5143104,,,,,,
GJ 1061 d,,54.0032486,-44.5143104,,,,,,
GJ 1132 b,,153.7090696,-47.1549358,,,,,,
GJ 1132 c,,153.7090696,-47.1549358,,,,,,
GJ 1148 b,,175.4326081,42.7515862,,,,,,
GJ 1148 c,,175.4326081,42.7515862,,,,,,
GJ 1151 c,,177.7304866,48.3732334,,,,,,
GJ 1214 b,,258.8313991,4.9606795,,,,,,
GJ 1252 b,,306.9286462,-56.4622865,,,,,,
GJ 1265 b,,333.4324675,-17.6870623,,,,,,
GJ 143 b,,51.7501882,-63.500166,,,,,,
GJ 15 A b,,4.6126677,44.0247296,,,,,,
GJ 15 A c,,4.6126677,44.0247296,,,,,,
GJ 163 b,,62.3228353,-53.3711768,,,,,,
GJ 163 c,,62.3228353,-53.3711768,,,,,,
GJ 163 d,,62.3228353,-53.3711768,,,,,,
GJ 179 b,,73.0245495,6.4752347,,,,,,
GJ 2030 b,,50.8237604,-7.7950429,,,,,,
GJ 2030 c,,50.8237604,-7.7950429,,,,,,
GJ 238 b,,98.454881,-58.5250316,,,,,,
GJ 251 b,,103.7002499,33.2664632,,,,,,
GJ 273 b,,111.852091,5.225807,,,,,,
GJ 273 c,,111.852091,5.225807,,,,,,
GJ 3090 b,,20.4384281,-46.7147234,,,,,,
GJ 3138 b,,32.2977385,-16.3392495,,,,,,
GJ 3138 c,,32.2977385,-16.3392495,,,,,,
GJ 3138 d,,32.2977385,-16.3392495,,,,,,
GJ 317 b,,130.2445254,-23.452809,,,,,,
GJ 317 c,,130.2445254,-23.452809,,,,,,
GJ 328 b,,133.7819507,1.5420011,,,,,,
GJ 328 c,,133.7819507,1.5420011,,,,,,
GJ 3293 b,,67.1484425,-25.1713396,,,,,,
GJ 3293 c,,67.1484425,-25.1713396,,,,,,
GJ 3293 d,,67.1484425,-25.1713396,,,,,,
GJ 3293 e,,67.1484425,-25.1713396,,,,,,
GJ 3323 b,,75.4868824,-6.9485133,,,,,,
GJ 3323 c,,75.4868824,-6.9485133,,,,,,
GJ 3341 b,,78.9471415,-31.2948458,,,,,,
GJ 338 B b,,138.5916722,52.6835211,,,,,,
GJ 3470 b,,119.7735021,15.391209,,,,,,
GJ 3473 b,,120.5936065,3.3371629,,,,,,
GJ 3473 c,,120.5936065,3.3371629,,,,,,
GJ 3512 b,,130.3316616,59.4918364,,,,,,
GJ 3512 c,,130.3316616,59.4918364,,,,,,
GJ 357 b,,144.0074644,-21.6650634,,,,,,
GJ 357 c,,144.0074644,-21.6650634,,,,,,
GJ 357 d,,144.0074644,-21.6650634,,,,,,
GJ 367 b,,146.121464,-45.7790165,,,,,,
GJ 3779 b,,200.7335358,24.4639425,,,,,,
GJ 3929 b,,239.5775678,35.4081141,,,,,,
GJ 3929 c,,239.5775678,35.4081141,,,,,,
GJ 393 b,,157.2288672,0.8378485,,,,,,
GJ 3942 b,,242.2645452,52.9441443,,,,,,
GJ 3988 b,,255.8503747,51.4089795,,,,,,
GJ 3998 b,,259.0020507,11.0561751,,,,,,
GJ 3998 c,,259.0020507,11.0561751,,,,,,
GJ 411 b,,165.834471,35.972317,,,,,,
GJ 414 A b,,167.7745044,30.4451688,,,,,,
GJ 414 A c,,167.7745044,30.4451688,,,,,,
GJ 4276 b,,336.3221454,59.412503,,,,,,
GJ 433 b,,173.8619194,-32.5436302,,,,,,
GJ 433 c,,173.8619194,-32.5436302,,,,,,
GJ 433 d,,173.8619194,-32.5436302,,,,,,
GJ 436 b,,175.5505363,26.7030669,,,,,,
GJ 486 b,,191.981531,9.7494181,,,,,,
GJ 514 b,,202.5040424,10.3725387,,,,,,
GJ 536 b,,210.2597264,-2.6522901,,,,,,
GJ 581 b,,229.8564725,-7.7226935,,,,,,
GJ 581 c,,229.8564725,-7.7226935,,,,,,
GJ 581 e,,229.8564725,-7.7226935,,,,,,
GJ 625 b,,246.3557854,54.3033625,,,,,,
GJ 649 b,,254.5363221,25.7419719,,,,,,
GJ 674 b,,262.1700476,-46.8989826,,,,,,
GJ 676 A b,,262.5448903,-51.6377777,,,,,,
GJ 676 A c,,262.5448903,-51.6377777,,,,,,
GJ 676 A d,,262.5448903,-51.6377777,,,,,,
GJ 676 A e,,262.5448903,-51.6377777,,,,,,
GJ 685 b,,263.8960378,61.6793482,,,,,,
GJ 687 b,,264.1041731,68.3336741,,,,,,
GJ 687 c,,264.1041731,68.3336741,,,,,,
GJ 720 A b,,278.8294172,45.7456038,,,,,,
GJ 724 b,,280.238365,-13.3824997,,,,,,
GJ 740 b,,284.4997178,5.902867,,,,,,
GJ 806 b,,311.2697002,44.5002351,,,,,,
GJ 806 c,,311.2697002,44.5002351,,,,,,
GJ 832 b,,323.3912616,-49.0125169,,,,,,
GJ 849 b,,332.4229938,-4.6408317,,,,,,
GJ 849 c,,332.4229938,-4.6408317,,,,,,
GJ 876 b,,343.3239737,-14.2665958,,,,,,
GJ 876 c,,343.3239737,-14.2665958,,,,,,
GJ 876 d,,343.3239737,-14.2665958,,,,,,
GJ 876 e,,343.3239737,-14.2665958,,,,,,
GJ 887 b,,346.4668274,-35.8530693,,,,,,
GJ 887 c,,346.4668274,-35.8530693,,,,,,
GJ 9066 c,,30.0588307,13.0443172,,,,,,
GJ 96 b,,35.5624031,47.8802075,,,,,,
GJ 9689 b,,303.467731,13.3888921,,,,,,
GJ 9827 b,,351.7717763,-1.2853435,,,,,,
GJ 9827 c,,351.7717763,-1.2853435,,,,,,
GJ 9827 d,,351.7717763,-1.2853435,,,,,,
Gl 378 b,,150.5865513,48.0824515,,,,,,
Gl 49 b,,15.6687321,62.3454386,,,,,,
Gl 686 b,,264.4764878,18.5959509,,,,,,
Gliese 12 b,,3.9579137,13.5576175,,,,,,
HAT-P-11 b,,297.7101763,48.0818635,,,,,,
HAT-P-12 b,,209.3886452,43.49331,,,,,,
HAT-P-54 b,,99.8979924,25.4824005,,,,,,
HAT-P-68 b,,118.4831501,23.9382192,,,,,,
HATS-47 b,,287.4844021,-49.6649424,,,,,,
HATS-6 b,,88.1468079,-19.0316268,,,,,,
HATS-71 b,,15.5518893,-61.7561333,,,,,,
HATS-72 b,,339.0258401,-17.0003046,,,,,,
HD 10180 c,,24.4731133,-60.5114881,,,,,,
HD 10180 d,,24.4731133,-60.5114881,,,,,,
HD 10180 e,,24.4731133,-60.5114881,,,,,,
HD 10180 f,,24.4731133,-60.5114881,,,,,,
HD 10180 g,,24.4731133,-60.5114881,,,,,,
HD 10180 h,,24.4731133,-60.5114881,,,,,,
HD 102365 b,,176.6208003,-40.4986211,,,,,,
HD 103949 b,,179.5479558,-23.9241221,,,,,,
HD 104067 b,,179.7923543,-20.3556058,,,,,,
HD 104067 c,,179.7923543,-20.3556058,,,,,,
HD 106315 b,,183.4724742,-0.3934357,,,,,,
HD 106315 c,,183.4724742,-0.3934357,,,,,,
HD 108236 b,,186.5740627,-51.3630519,,,,,,
HD 108236 c,,186.5740627,-51.3630519,,,,,,
HD 108236 d,,186.5740627,-51.3630519,,,,,,
HD 108236 e,,186.5740627,-51.3630519,,,,,,
HD 108236 f,,186.5740627,-51.3630519,,,,,,
HD 110067 b,,189.8392243,20.0273377,,,,,,
HD 110067 d,,189.8392243,20.0273377,,,,,,
HD 110067 f,,189.8392243,20.0273377,,,,,,
HD 110113 b,,190.0365636,-44.3120777,,,,,,
HD 110113 c,,190.0365636,-44.3120777,,,,,,
HD 111232 b,,192.2159553,-68.4246679,,,,,,
HD 111232 c,,192.2159553,-68.4246679,,,,,,
HD 113538 b,,196.233933,-52.4463502,,,,,,
HD 113538 c,,196.233933,-52.4463502,,,,,,
HD 115404 A b,,199.2155793,17.0160384,,,,,,
HD 115404 A c,,199.2155793,17.0160384,,,,,,
HD 11755 b,,29.707836,73.1521372,,,,,,
HD 11964 c,,29.2884252,-10.2434693,,,,,,
HD 125271 b,,216.6474037,-81.4542756,,,,,,
HD 125595 b,,215.3434326,-40.3942443,,,,,,
HD 125612 c,,215.2227183,-17.4818147,,,,,,
HD 12648 b,,34.7480718,85.7365329,,,,,,
HD 127506 b,,217.6848544,35.4546059,,,,,,
HD 133131 A b,,225.8984524,-27.8431369,,,,,,
HD 133131 A c,,225.8984524,-27.8431369,,,,,,
HD 133131 B b,,225.8999745,-27.8415947,,,,,,
HD 134606 b,,228.8103897,-70.5203328,,,,,,
HD 134606 c,,228.8103897,-70.5203328,,,,,,
HD 134606 d,,228.8103897,-70.5203328,,,,,,
HD 134606 e,,228.8103897,-70.5203328,,,,,,
HD 134606 f,,228.8103897,-70.5203328,,,,,,
HD 135694 b,,227.8678636,71.8412965,,,,,,
HD 136352 b,,230.4401147,-48.3188174,,,,,,
HD 136352 c,,230.4401147,-48.3188174,,,,,,
HD 136352 d,,230.4401147,-48.3188174,,,,,,
HD 137496 b,,231.7420543,-16.5090014,,,,,,
HD 13808 b,,33.1780708,-53.7437591,,,,,,
HD 13808 c,,33.1780708,-53.7437591,,,,,,
HD 140901 b,,236.8689866,-37.9172333,,,,,,
HD 1461 b,,4.6762645,-8.0536206,,,,,,
HD 1461 c,,4.6762645,-8.0536206,,,,,,
HD 147379 b,,244.1725686,67.2392041,,,,,,
HD 152843 b,,253.7848853,20.491524,,,,,,
HD 15337 b,,36.8678846,-27.6361171,,,,,,
HD 15337 c,,36.8678846,-27.6361171,,,,,,
HD 155358 b,,257.3930947,33.3549277,,,,,,
HD 155358 c,,257.3930947,33.3549277,,,,,,
HD 155918 b,,260.5364025,-75.349239,,,,,,
HD 155918 c,,260.5364025,-75.349239,,,,,,
HD 156668 b,,259.4183491,29.228161,,,,,,
HD 156668 c,,259.4183491,29.228161,,,,,,
HD 15906 b,,38.2712534,-10.352178,,,,,,
HD 15906 c,,38.2712534,-10.352178,,,,,,
HD 160691 d,,266.0361585,-51.8348751,,,,,,
HD 162020 b,,267.6599252,-40.3184646,,,,,,
HD 164922 b,,270.6304652,26.3104077,,,,,,
HD 164922 c,,270.6304652,26.3104077,,,,,,
HD 164922 d,,270.6304652,26.3104077,,,,,,
HD 164922 e,,270.6304652,26.3104077,,,,,,
HD 167768 b,,274.2213308,-3.0085807,,,,,,
HD 176986 b,,285.7739138,-11.044941,,,,,,
HD 176986 c,,285.7739138,-11.044941,,,,,,
HD 180617 b,,289.2277322,5.1631615,,,,,,
HD 18143 b,,43.9140248,26.8723829,,,,,,
HD 181433 b,,291.2873731,-66.4677838,,,,,,
HD 18599 b,,44.2620144,-56.1918694,,,,,,
HD 189567 b,,301.3959616,-67.3237992,,,,,,
HD 189567 c,,301.3959616,-67.3237992,,,,,,
HD 190007 b,,300.6956339,3.3266992,,,,,,
HD 191939 b,,302.0256247,66.8503014,,,,,,
HD 191939 c,,302.0256247,66.8503014,,,,,,
HD 191939 d,,302.0256247,66.8503014,,,,,,
HD 191939 e,,302.0256247,66.8503014,,,,,,
HD 191939 f,,302.0256247,66.8503014,,,,,,
HD 191939 g,,302.0256247,66.8503014,,,,,,
HD 192310 b,,303.8284712,-27.0337556,,,,,,
HD 192310 c,,303.8284712,-27.0337556,,,,,,
HD 199509 b,,317.3445632,-82.0274926,,,,,,
HD 20003 b,,46.9090081,-72.3219221,,,,,,
HD 20003 c,,46.9090081,-72.3219221,,,,,,
HD 20329 b,,49.178124,15.6563542,,,,,,
HD 204313 c,,322.0510568,-21.7274194,,,,,,
HD 204941 b,,323.0966714,-20.957957,,,,,,
HD 207496 b,,328.7181708,-77.3388025,,,,,,
HD 20781 b,,50.0139757,-28.7841175,,,,,,
HD 20781 c,,50.0139757,-28.7841175,,,,,,
HD 20781 d,,50.0139757,-28.7841175,,,,,,
HD 20781 e,,50.0139757,-28.7841175,,,,,,
HD 20782 b,,50.0166232,-28.8543535,,,,,,
HD 207897 b,,325.2016451,84.3337613,,,,,,
HD 20794 b,,49.9997666,-43.0666533,,,,,,
HD 20794 c,,49.9997666,-43.0666533,,,,,,
HD 20794 d,,49.9997666,-43.0666533,,,,,,
HD 20794 e,,49.9997666,-43.0666533,,,,,,
HD 20868 b,,50.1794053,-33.72969,,,,,,
HD 213885 b,,338.9837166,-59.864829,,,,,,
HD 213885 c,,338.9837166,-59.864829,,,,,,
HD 21411 b,,51.5474155,-30.6168403,,,,,,
HD 215152 b,,340.8380941,-6.4020685,,,,,,
HD 215152 c,,340.8380941,-6.4020685,,,,,,
HD 215152 d,,340.8380941,-6.4020685,,,,,,
HD 215152 e,,340.8380941,-6.4020685,,,,,,
HD 215497 b,,341.652714,-56.5997984,,,,,,
HD 216520 b,,341.8768719,83.6975307,,,,,,
HD 216520 c,,341.8768719,83.6975307,,,,,,
HD 21693 b,,51.8040469,-58.3232726,,,,,,
HD 21693 c,,51.8040469,-58.3232726,,,,,,
HD 21749 c,,51.7501882,-63.500166,,,,,,
HD 217786 c,,345.7838088,-0.4303594,,,,,,
HD 219134 b,,348.3372026,57.1696255,,,,,,
HD 219134 c,,348.3372026,57.1696255,,,,,,
HD 219134 g,,348.3372026,57.1696255,,,,,,
HD 219134 h,,348.3372026,57.1696255,,,,,,
HD 220197 b,,350.4946927,16.6323305,,,,,,
HD 222237 b,,354.9078642,-72.7253271,,,,,,
HD 22496 b,,53.7565398,-48.4178173,,,,,,
HD 22781 b,,55.2065581,31.8258855,,,,,,
HD 22946 d,,54.819538,-42.7630276,,,,,,
HD 233832 b,,171.5196515,50.3763099,,,,,,
HD 23472 b,,55.4590314,-62.7672667,,,,,,
HD 23472 c,,55.4590314,-62.7672667,,,,,,
HD 23472 d,,55.4590314,-62.7672667,,,,,,
HD 23472 e,,55.4590314,-62.7672667,,,,,,
HD 23472 f,,55.4590314,-62.7672667,,,,,,
HD 235088 b,,300.6154535,53.3774418,,,,,,
HD 238090 b,,183.0886375,54.486153,,,,,,
HD 260655 b,,99.2915429,17.5662696,,,,,,
HD 260655 c,,99.2915429,17.5662696,,,,,,
HD 27894 c,,65.1975693,-59.4096776,,,,,,
HD 28109 b,,65.2383065,-68.1026875,,,,,,
HD 28109 c,,65.2383065,-68.1026875,,,,,,
HD 28109 d,,65.2383065,-68.1026875,,,,,,
HD 285968 b,,70.7353853,18.953358,,,,,,
HD 29985 b,,70.5216589,-33.9210696,,,,,,
HD 31527 b,,73.9096193,-23.2413163,,,,,,
HD 31527 c,,73.9096193,-23.2413163,,,,,,
HD 31527 d,,73.9096193,-23.2413163,,,,,,
HD 3167 b,,8.7401487,4.3807215,,,,,,
HD 3167 c,,8.7401487,4.3807215,,,,,,
HD 3167 d,,8.7401487,4.3807215,,,,,,
HD 3167 e,,8.7401487,4.3807215,,,,,,
HD 34445 b,,79.4207483,7.3527156,,,,,,
HD 34445 c,,79.4207483,7.3527156,,,,,,
HD 34445 d,,79.4207483,7.3527156,,,,,,
HD 34445 e,,79.4207483,7.3527156,,,,,,
HD 34445 f,,79.4207483,7.3527156,,,,,,
HD 34445 g,,79.4207483,7.3527156,,,,,,
HD 37124 b,,84.2599947,20.7289784,,,,,,
HD 37124 c,,84.2599947,20.7289784,,,,,,
HD 37124 d,,84.2599947,20.7289784,,,,,,
HD 39194 b,,86.129071,-70.1382377,,,,,,
HD 39194 c,,86.129071,-70.1382377,,,,,,
HD 39194 d,,86.129071,-70.1382377,,,,,,
HD 40307 b,,88.5172191,-60.0237289,,,,,,
HD 40307 c,,88.5172191,-60.0237289,,,,,,
HD 40307 d,,88.5172191,-60.0237289,,,,,,
HD 40307 f,,88.5172191,-60.0237289,,,,,,
HD 40307 g,,88.5172191,-60.0237289,,,,,,
HD 42618 b,,93.0032173,6.7819742,,,,,,
HD 42813 b,,93.0578446,-14.6493167,,,,,,
HD 4308 b,,11.1652594,-65.6527159,,,,,,
HD 45184 b,,96.1820205,-28.7806402,,,,,,
HD 45184 c,,96.1820205,-28.7806402,,,,,,
HD 45364 b,,96.4105736,-31.4810037,,,,,,
HD 48948 b,,102.489811,60.3373133,,,,,,
HD 48948 c,,102.489811,60.3373133,,,,,,
HD 48948 d,,102.489811,60.3373133,,,,,,
HD 51608 b,,103.7137102,-55.2600189,,,,,,
HD 51608 c,,103.7137102,-55.2600189,,,,,,
HD 5278 b,,12.5467785,-83.7437671,,,,,,
HD 5278 c,,12.5467785,-83.7437671,,,,,,
HD 63433 b,,117.4793699,27.3631342,,,,,,
HD 63433 c,,117.4793699,27.3631342,,,,,,
HD 63433 d,,117.4793699,27.3631342,,,,,,
HD 63454 b,,114.8406393,-78.2791464,,,,,,
HD 63935 b,,117.9246417,9.3852412,,,,,,
HD 63935 c,,117.9246417,9.3852412,,,,,,
HD 69830 b,,124.6010091,-12.6364246,,,,,,
HD 69830 c,,124.6010091,-12.6364246,,,,,,
HD 69830 d,,124.6010091,-12.6364246,,,,,,
HD 73583 b,,129.6883026,-13.2565267,,,,,,
HD 73583 c,,129.6883026,-13.2565267,,,,,,
HD 7924 b,,20.4956562,76.7101475,,,,,,
HD 7924 c,,20.4956562,76.7101475,,,,,,
HD 7924 d,,20.4956562,76.7101475,,,,,,
HD 85390 b,,147.5105663,-49.7905254,,,,,,
HD 86226 c,,149.1235154,-24.0991859,,,,,,
HD 90156 b,,155.9801144,-29.645103,,,,,,
HD 93351 b,,161.6779279,-1.6885763,,,,,,
HD 93385 b,,161.5627065,-41.464604,,,,,,
HD 93385 c,,161.5627065,-41.464604,,,,,,
HD 93385 d,,161.5627065,-41.464604,,,,,,
HD 93963 A b,,162.7766969,25.641065,,,,,,
HD 95338 b,,164.8563364,-56.6235564,,,,,,
HD 95735 c,,165.834471,35.972317,,,,,,
HD 96700 b,,166.9742616,-30.1751383,,,,,,
HD 96700 c,,166.9742616,-30.1751383,,,,,,
HD 96700 d,,166.9742616,-30.1751383,,,,,,
HD 97658 b,,168.6376584,25.7105962,,,,,,
HD 99492 b,,171.689687,3.0071331,,,,,,
HIP 113103 b,,343.5723794,-43.0102291,,,,,,
HIP 113103 c,,343.5723794,-43.0102291,,,,,,
HIP 116454 b,,353.9543517,0.4447043,,,,,,
HIP 12961 b,,41.6800749,-23.0860048,,,,,,
HIP 29442 c,,93.0578446,-14.6493167,,,,,,
HIP 29442 d,,93.0578446,-14.6493167,,,,,,
HIP 54597 b,,167.6082179,-29.4143018,,,,,,
HIP 57274 b,,176.1705487,30.9576484,,,,,,
HIP 57274 c,,176.1705487,30.9576484,,,,,,
HIP 57274 d,,176.1705487,30.9576484,,,,,,
HIP 79431 b,,243.1742467,-18.8764247,,,,,,
HIP 8152 b,,26.2092533,-18.4013844,,,,,,
HIP 8152 c,,26.2092533,-18.4013844,,,,,,
HIP 9618 b,,30.9050061,21.2813274,,,,,,
HIP 9618 c,,30.9050061,21.2813274,,,,,,
HIP 97166 b,,296.2446203,74.0628577,,,,,,
HIP 97166 c,,296.2446203,74.0628577,,,,,,
HN Lib b,,218.5684823,-12.5170062,,,,,,
HR 858 b,,42.9849779,-30.8140609,,,,,,
HR 858 c,,42.9849779,-30.8140609,,,,,,
HR 858 d,,42.9849779,-30.8140609,,,,,,
HS Psc b,,24.347379,26.9528036,,,,,,
K2-10 b,,172.1216476,1.6906217,,,,,,
K2-101 b,,130.3439097,18.9338205,,,,,,
K2-104 b,,129.6366594,19.7737202,,,,,,
K2-110 b,,207.3497402,-12.2849182,,,,,,
K2-111 b,,59.8903081,21.2985263,,,,,,
K2-111 c,,59.8903081,21.2985263,,,,,,
K2-116 b,,336.1523363,-11.5793181,,,,,,
K2-117 b,,133.8557342,10.4692176,,,,,,
K2-117 c,,133.8557342,10.4692176,,,,,,
K2-118 b,,132.1268608,15.6558964,,,,,,
K2-119 b,,132.0098683,16.9017663,,,,,,
K2-120 b,,132.142853,17.1905813,,,,,,
K2-121 b,,126.9366624,17.5793267,,,,,,
K2-122 b,,126.4762179,20.3593384,,,,,,
K2-123 b,,134.4441404,21.4532748,,,,,,
K2-124 b,,133.6410515,23.1329509,,,,,,
K2-126 b,,203.5467021,-13.5769705,,,,,,
K2-127 b,,207.0782895,-11.5889878,,,,,,
K2-128 b,,204.4376666,-8.5970858,,,,,,
K2-13 b,,170.1554763,2.5027534,,,,,,
K2-130 b,,290.2705419,-19.6908744,,,,,,
K2-131 b,,182.751404,-9.7652392,,,,,,
K2-136 b,,67.4128615,22.8825674,,,,,,
K2-136 c,,67.4128615,22.8825674,,,,,,
K2-136 d,,67.4128615,22.8825674,,,,,,
K2-138 b,,348.9490311,-10.8497391,,,,,,
K2-138 c,,348.9490311,-10.8497391,,,,,,
K2-138 d,,348.9490311,-10.8497391,,,,,,
K2-138 e,,348.9490311,-10.8497391,,,,,,
K2-138 f,,348.9490311,-10.8497391,,,,,,
K2-138 g,,348.9490311,-10.8497391,,,,,,
K2-14 b,,178.0568745,2.5941222,,,,,,
K2-141 b,,350.9170464,-1.1891827,,,,,,
K2-141 c,,350.9170464,-1.1891827,,,,,,
K2-146 b,,130.0266951,19.0923416,,,,,,
K2-146 c,,130.0266951,19.0923416,,,,,,
K2-147 b,,293.8330329,-28.498475,,,,,,
K2-148 b,,14.5176494,-0.193258,,,,,,
K2-148 c,,14.5176494,-0.193258,,,,,,
K2-148 d,,14.5176494,-0.193258,,,,,,
K2-149 b,,9.8217519,7.2769939,,,,,,
K2-15 b,,178.1105741,4.2546649,,,,,,
K2-150 b,,18.3443908,8.9874328,,,,,,
K2-151 b,,19.3047733,9.5012663,,,,,,
K2-152 b,,181.6324078,-5.8274311,,,,,,
K2-153 b,,183.8088709,2.0208765,,,,,,
K2-154 b,,189.0015173,-2.6696217,,,,,,
K2-154 c,,189.0015173,-2.6696217,,,,,,
K2-155 b,,65.469614,21.3532633,,,,,,
K2-155 c,,65.469614,21.3532633,,,,,,
K2-155 d,,65.469614,21.3532633,,,,,,
K2-156 b,,182.699673,-6.2943552,,,,,,
K2-158 b,,179.9397081,-5.7216879,,,,,,
K2-158 c,,179.9397081,-5.7216879,,,,,,
K2-159 b,,180.5408896,-3.5809053,,,,,,
K2-16 b,,175.0972238,4.5574311,,,,,,
K2-16 c,,175.0972238,4.5574311,,,,,,
K2-162 b,,186.0383865,-1.111479,,,,,,
K2-167 b,,336.5761233,-18.011665,,,,,,
K2-17 b,,178.3296746,6.4123178,,,,,,
K2-174 b,,60.7929729,16.347166,,,,,,
K2-18 b,,172.560141,7.5878315,,,,,,
K2-18 c,,172.560141,7.5878315,,,,,,
K2-180 b,,126.4643579,10.246577,,,,,,
K2-182 b,,130.180046,10.9829509,,,,,,
K2-183 c,,125.007177,14.0194586,,,,,,
K2-183 d,,125.007177,14.0194586,,,,,,
K2-184 b,,129.1405227,14.4618826,,,,,,
K2-187 b,,132.5235618,23.1924709,,,,,,
K2-187 c,,132.5235618,23.1924709,,,,,,
K2-187 d,,132.5235618,23.1924709,,,,,,
K2-187 e,,132.5235618,23.1924709,,,,,,
K2-188 b,,129.8137008,23.3574367,,,,,,
K2-189 b,,203.6214411,-15.0365158,,,,,,
K2-189 c,,203.6214411,-15.0365158,,,,,,
K2-19 b,,174.9602543,0.603596,,,,,,
K2-19 c,,174.9602543,0.603596,,,,,,
K2-19 d,,174.9602543,0.603596,,,,,,
K2-192 b,,206.5823122,-11.5563527,,,,,,
K2-195 b,,199.8315191,-8.5095364,,,,,,
K2-199 b,,208.9014508,-6.1360833,,,,,,
K2-199 c,,208.9014508,-6.1360833,,,,,,
K2-21 b,,340.3037846,-14.4893256,,,,,,
K2-21 c,,340.3037846,-14.4893256,,,,,,
K2-212 b,,18.4241015,3.0970732,,,,,,
K2-216 b,,11.4802354,6.3470302,,,,,,
K2-222 b,,16.4625203,11.7537171,,,,,,
K2-223 b,,185.306183,-10.2820915,,,,,,
K2-224 b,,189.7041426,-10.0605942,,,,,,
K2-224 c,,189.7041426,-10.0605942,,,,,,
K2-226 b,,183.6456643,-9.5626286,,,,,,
K2-228 b,,187.2947047,-6.8342028,,,,,,
K2-229 b,,186.8729195,-6.7218474,,,,,,
K2-229 c,,186.8729195,-6.7218474,,,,,,
K2-233 b,,230.4799011,-20.2317975,,,,,,
K2-233 c,,230.4799011,-20.2317975,,,,,,
K2-233 d,,230.4799011,-20.2317975,,,,,,
K2-239 b,,160.5941265,4.4413751,,,,,,
K2-239 c,,160.5941265,4.4413751,,,,,,
K2-239 d,,160.5941265,4.4413751,,,,,,
K2-240 b,,227.849371,-17.8754464,,,,,,
K2-240 c,,227.849371,-17.8754464,,,,,,
K2-241 b,,181.2386829,-6.8052985,,,,,,
K2-242 b,,179.8358421,-6.5178542,,,,,,
K2-244 b,,183.4686492,-3.8318097,,,,,,
K2-245 b,,185.181563,-1.5909138,,,,,,
K2-246 b,,181.6296115,-1.1606,,,,,,
K2-247 b,,188.8935189,-10.0692793,,,,,,
K2-247 c,,188.8935189,-10.0692793,,,,,,
K2-248 b,,182.8173343,-9.4141696,,,,,,
K2-25 b,,63.2739346,15.2477027,,,,,,
K2-250 b,,185.0315429,-8.9757427,,,,,,
K2-251 b,,190.6892403,-8.5359826,,,,,,
K2-252 b,,182.3663818,-8.3096141,,,,,,
K2-254 b,,185.5507926,-4.7172908,,,,,,
K2-254 c,,185.5507926,-4.7172908,,,,,,
K2-255 b,,189.9128532,-3.3705631,,,,,,
K2-257 b,,188.278284,-1.9532879,,,,,,
K2-26 b,,94.2064312,24.5958335,,,,,,
K2-263 b,,129.6821253,15.6806039,,,,,,
K2-264 b,,131.3583524,19.698401,,,,,,
K2-264 c,,131.3583524,19.698401,,,,,,
K2-265 b,,342.0316493,-14.4947789,,,,,,
K2-266 b,,157.9356855,0.9372782,,,,,,
K2-266 c,,157.9356855,0.9372782,,,,,,
K2-266 d,,157.9356855,0.9372782,,,,,,
K2-266 e,,157.9356855,0.9372782,,,,,,
K2-268 b,,133.7094899,11.8482712,,,,,,
K2-268 c,,133.7094899,11.8482712,,,,,,
K2-270 b,,131.2665588,13.5497322,,,,,,
K2-270 c,,131.2665588,13.5497322,,,,,,
K2-271 b,,125.2239144,16.0907958,,,,,,
K2-272 b,,132.6211743,17.5423852,,,,,,
K2-274 b,,129.2823699,20.3992512,,,,,,
K2-275 b,,132.1698795,20.4550162,,,,,,
K2-275 c,,132.1698795,20.4550162,,,,,,
K2-276 b,,125.9528309,22.6339399,,,,,,
K2-279 b,,204.7792935,-6.0417592,,,,,,
K2-28 b,,335.6233145,-7.9563525,,,,,,
K2-282 b,,13.4321524,7.9952914,,,,,,
K2-284 b,,79.1407971,20.2549034,,,,,,
K2-285 b,,349.3843458,1.3001522,,,,,,
K2-285 c,,349.3843458,1.3001522,,,,,,
K2-286 b,,233.3698192,-16.7737113,,,,,,
K2-288 B b,,55.4442857,18.2684913,,,,,,
K2-291 b,,76.44594,21.548199,,,,,,
K2-3 b,,172.3353708,-1.4551364,,,,,,
K2-3 c,,172.3353708,-1.4551364,,,,,,
K2-3 d,,172.3353708,-1.4551364,,,,,,
K2-32 b,,252.426008,-19.5430504,,,,,,
K2-32 c,,252.426008,-19.5430504,,,,,,
K2-32 d,,252.426008,-19.5430504,,,,,,
K2-32 e,,252.426008,-19.5430504,,,,,,
K2-35 b,,170.1031027,1.2858679,,,,,,
K2-35 c,,170.1031027,1.2858679,,,,,,
K2-355 b,,124.6426189,13.5027816,,,,,,
K2-356 b,,128.3219134,13.6613758,,,,,,
K2-358 b,,133.8081054,18.9497263,,,,,,
K2-36 b,,169.4490102,3.8665038,,,,,,
K2-36 c,,169.4490102,3.8665038,,,,,,
K2-37 b,,243.4509662,-24.7870527,,,,,,
K2-37 c,,243.4509662,-24.7870527,,,,,,
K2-37 d,,243.4509662,-24.7870527,,,,,,
K2-4 b,,174.7455392,-3.9055746,,,,,,
K2-413 b,,353.4175668,-7.6120272,,,,,,
K2-413 c,,353.4175668,-7.6120272,,,,,,
K2-414 b,,351.6361913,-4.6066569,,,,,,
K2-414 c,,351.6361913,-4.6066569,,,,,,
K2-419 A b,,135.0194934,13.2737056,,,,,,
K2-46 b,,174.2662454,-0.90721,,,,,,
K2-47 b,,168.5825696,2.7805614,,,,,,
K2-48 b,,176.1233077,3.2723812,,,,,,
K2-5 b,,169.3034598,-1.8778254,,,,,,
K2-5 c,,169.3034598,-1.8778254,,,,,,
K2-50 b,,169.483654,5.988289,,,,,,
K2-53 b,,244.1419684,-20.4005984,,,,,,
K2-58 b,,333.8218395,-14.049857,,,,,,
K2-58 c,,333.8218395,-14.049857,,,,,,
K2-58 d,,333.8218395,-14.049857,,,,,,
K2-6 b,,178.1921152,-1.1984418,,,,,,
K2-62 b,,334.3645089,-12.1874776,,,,,,
K2-62 c,,334.3645089,-12.1874776,,,,,,
K2-65 b,,333.2125206,-10.9261373,,,,,,
K2-68 b,,334.0195539,-10.5673649,,,,,,
K2-74 b,,339.9192984,-8.7145697,,,,,,
K2-8 b,,169.7935178,-0.2844389,,,,,,
K2-8 c,,169.7935178,-0.2844389,,,,,,
K2-80 b,,59.037486,13.5590288,,,,,,
K2-80 c,,59.037486,13.5590288,,,,,,
K2-85 b,,59.464829,18.4649505,,,,,,
K2-86 b,,51.5531053,18.6355718,,,,,,
K2-9 b,,176.263724,0.0054085,,,,,,
K2-90 b,,59.1527391,22.4724517,,,,,,
K2-90 c,,59.1527391,22.4724517,,,,,,
K2-95 b,,129.3625717,18.9766197,,,,,,
KOI-142 b,,,,,,,,,
KOI-1831 d,,,,,,,,,
KOI-1833 d,,,,,,,,,
KOI-2513.01,,,,,,,,,
KOI-3503 b,,,,,,,,,
KOI-3503 c,,,,,,,,,
KOI-351 b,,,,,,,,,
KOI-351 c,,,,,,,,,
KOI-351 d,,,,,,,,,
KOI-351 e,,,,,,,,,
KOI-351 f,,,,,,,,,
KOI-351 g,,,,,,,,,
KOI-351 h,,,,,,,,,
KOI-7368 b,,,,,,,,,
KOI-7913 b,,,,,,,,,
KOI-94 b,,,,,,,,,
KOI-94 c,,,,,,,,,
KOI-984 b,,,,,,,,,
Kapteyn c,,77.9586613,-45.0430198,,,,,,
Kepler-10 b,,,,,,,,,
Kepler-10 c,,,,,,,,,
Kepler-10 d,,285.679298,50.2414842,,,,,,
Kepler-100 b,,,,,,,,,
Kepler-100 c,,,,,,,,,
Kepler-100 d,,,,,,,,,
Kepler-100 e,,291.3861294,41.9901394,,,,,,
Kepler-1001 b,,,,,,,,,
Kepler-1001 c,,,,,,,,,
Kepler-1006 b,,,,,,,,,
Kepler-1007 b,,,,,,,,,
Kepler-1008 b,,,,,,,,,
Kepler-1009 b,,,,,,,,,
Kepler-1010 b,,,,,,,,,
Kepler-1012 b,,,,,,,,,
Kepler-1013 b,,,,,,,,,
Kepler-1014 b,,,,,,,,,
Kepler-1019 b,,,,,,,,,
Kepler-102 b,,,,,,,,,
Kepler-102 c,,,,,,,,,
Kepler-102 d,,,,,,,,,
Kepler-102 e,,,,,,,,,
Kepler-102 f,,,,,,,,,
Kepler-1020 b,,,,,,,,,
Kepler-1022 b,,,,,,,,,
Kepler-1026 b,,,,,,,,,
Kepler-1027 b,,,,,,,,,
Kepler-1028 b,,,,,,,,,
Kepler-1029 b,,,,,,,,,
Kepler-1030 b,,,,,,,,,
Kepler-1032 b,,,,,,,,,
Kepler-1034 b,,,,,,,,,
Kepler-1037 b,,,,,,,,,
Kepler-1038 b,,,,,,,,,
Kepler-1038 c,,,,,,,,,
Kepler-1039 b,,,,,,,,,
Kepler-104 b,,,,,,,,,
Kepler-104 c,,,,,,,,,
Kepler-104 d,,,,,,,,,
Kepler-1042 b,,,,,,,,,
Kepler-1048 b,,,,,,,,,
Kepler-1049 b,,,,,,,,,
Kepler-105 c,,,,,,,,,
Kepler-1052 c,,,,,,,,,
Kepler-1053 b,,,,,,,,,
Kepler-1055 b,,,,,,,,,
Kepler-1058 b,,,,,,,,,
Kepler-1059 b,,,,,,,,,
Kepler-106 c,,,,,,,,,
Kepler-106 e,,,,,,,,,
Kepler-1062 b,,,,,,,,,
Kepler-1064 b,,,,,,,,,
Kepler-1065 c,,,,,,,,,
Kepler-1067 b,,,,,,,,,
Kepler-107 b,,,,,,,,,
Kepler-107 c,,,,,,,,,
Kepler-107 d,,,,,,,,,
Kepler-1073 b,,,,,,,,,
Kepler-1073 c,,,,,,,,,
Kepler-1073 d,,,,,,,,,
Kepler-1074 b,,,,,,,,,
Kepler-1075 b,,,,,,,,,
Kepler-1076 b,,,,,,,,,
Kepler-1081 b,,,,,,,,,
Kepler-1083 b,,,,,,,,,
Kepler-1086 b,,,,,,,,,
Kepler-1086 c,,,,,,,,,
Kepler-1087 b,,,,,,,,,
Kepler-1089 b,,,,,,,,,
Kepler-1090 b,,,,,,,,,
Kepler-1095 b,,,,,,,,,
Kepler-1096 b,,,,,,,,,
Kepler-1097 b,,,,,,,,,
Kepler-11 b,,,,,,,,,
Kepler-11 c,,,,,,,,,
Kepler-11 d,,,,,,,,,
Kepler-11 e,,,,,,,,,
Kepler-11 f,,,,,,,,,
Kepler-11 g,,,,,,,,,
Kepler-110 b,,,,,,,,,
Kepler-110 c,,,,,,,,,
Kepler-1105 b,,,,,,,,,
Kepler-1107 b,,,,,,,,,
Kepler-1108 b,,,,,,,,,
Kepler-1110 b,,,,,,,,,
Kepler-1114 b,,,,,,,,,
Kepler-112 b,,,,,,,,,
Kepler-112 c,,,,,,,,,
Kepler-1120 b,,,,,,,,,
Kepler-1124 b,,,,,,,,,
Kepler-1126 b,,,,,,,,,
Kepler-1126 c,,,,,,,,,
Kepler-113 b,,,,,,,,,
Kepler-113 c,,,,,,,,,
Kepler-1130 b,,,,,,,,,
Kepler-1130 c,,,,,,,,,
Kepler-1130 d,,,,,,,,,
Kepler-1134 b,,,,,,,,,
Kepler-1136 b,,,,,,,,,
Kepler-114 b,,,,,,,,,
Kepler-114 c,,,,,,,,,
Kepler-114 d,,,,,,,,,
Kepler-1140 b,,,,,,,,,
Kepler-1143 b,,,,,,,,,
Kepler-1143 c,,,,,,,,,
Kepler-1145 b,,,,,,,,,
Kepler-1146 b,,,,,,,,,
Kepler-1148 b,,,,,,,,,
Kepler-115 b,,,,,,,,,
Kepler-1150 b,,,,,,,,,
Kepler-1151 b,,,,,,,,,
Kepler-1152 b,,,,,,,,,
Kepler-1157 b,,,,,,,,,
Kepler-1161 b,,,,,,,,,
Kepler-1162 b,,,,,,,,,
Kepler-1162 c,,,,,,,,,
Kepler-1164 b,,,,,,,,,
Kepler-1166 b,,,,,,,,,
Kepler-1167 b,,,,,,,,,
Kepler-1170 b,,,,,,,,,
Kepler-1173 b,,,,,,,,,
Kepler-1178 b,,,,,,,,,
Kepler-1179 b,,,,,,,,,
Kepler-118 b,,,,,,,,,
Kepler-1185 b,,,,,,,,,
Kepler-119 b,,,,,,,,,
Kepler-119 c,,,,,,,,,
Kepler-1190 b,,,,,,,,,
Kepler-1191 b,,,,,,,,,
Kepler-1195 b,,,,,,,,,
Kepler-1197 b,,,,,,,,,
Kepler-1199 b,,,,,,,,,
Kepler-120 b,,,,,,,,,
Kepler-120 c,,,,,,,,,
Kepler-1200 b,,,,,,,,,
Kepler-1203 b,,,,,,,,,
Kepler-1205 b,,,,,,,,,
Kepler-1206 b,,,,,,,,,
Kepler-1208 b,,,,,,,,,
Kepler-121 b,,,,,,,,,
Kepler-121 c,,,,,,,,,
Kepler-1214 b,,,,,,,,,
Kepler-122 b,,,,,,,,,
Kepler-122 c,,,,,,,,,
Kepler-122 d,,,,,,,,,
Kepler-122 e,,,,,,,,,
Kepler-122 f,,,,,,,,,
Kepler-1222 b,,,,,,,,,
Kepler-1223 b,,,,,,,,,
Kepler-1228 b,,,,,,,,,
Kepler-1229 b,,,,,,,,,
Kepler-1234 b,,,,,,,,,
Kepler-1235 b,,,,,,,,,
Kepler-1236 b,,,,,,,,,
Kepler-124 b,,,,,,,,,
Kepler-124 c,,,,,,,,,
Kepler-124 d,,,,,,,,,
Kepler-1241 b,,,,,,,,,
Kepler-1242 b,,,,,,,,,
Kepler-1245 b,,,,,,,,,
Kepler-1245 c,,,,,,,,,
Kepler-1246 b,,,,,,,,,
Kepler-125 b,,,,,,,,,
Kepler-125 c,,,,,,,,,
Kepler-1253 b,,,,,,,,,
Kepler-1254 b,,,,,,,,,
Kepler-1254 c,,,,,,,,,
Kepler-1254 d,,,,,,,,,
Kepler-1259 b,,,,,,,,,
Kepler-126 b,,,,,,,,,
Kepler-126 c,,,,,,,,,
Kepler-126 d,,,,,,,,,
Kepler-1261 b,,,,,,,,,
Kepler-1263 b,,,,,,,,,
Kepler-1265 b,,,,,,,,,
Kepler-1266 b,,,,,,,,,
Kepler-1266 c,,,,,,,,,
Kepler-1277 b,,,,,,,,,
Kepler-1284 b,,,,,,,,,
Kepler-1291 b,,,,,,,,,
Kepler-130 b,,,,,,,,,
Kepler-130 c,,,,,,,,,
Kepler-130 d,,,,,,,,,
Kepler-1301 b,,,,,,,,,
Kepler-1302 b,,,,,,,,,
Kepler-1308 b,,,,,,,,,
Kepler-1309 b,,,,,,,,,
Kepler-131 b,,,,,,,,,
Kepler-131 c,,,,,,,,,
Kepler-1310 b,,,,,,,,,
Kepler-1311 b,,,,,,,,,
Kepler-1311 c,,,,,,,,,
Kepler-1312 b,,,,,,,,,
Kepler-1312 c,,,,,,,,,
Kepler-1313 b,,,,,,,,,
Kepler-1314 b,,,,,,,,,
Kepler-1315 b,,,,,,,,,
Kepler-1317 b,,,,,,,,,
Kepler-1318 b,,,,,,,,,
Kepler-1319 b,,,,,,,,,
Kepler-132 b,,,,,,,,,
Kepler-132 c,,,,,,,,,
Kepler-132 d,,,,,,,,,
Kepler-132 e,,,,,,,,,
Kepler-1320 b,,,,,,,,,
Kepler-1321 b,,,,,,,,,
Kepler-1321 c,,,,,,,,,
Kepler-1321 d,,,,,,,,,
Kepler-1322 b,,,,,,,,,
Kepler-1322 c,,,,,,,,,
Kepler-1324 b,,,,,,,,,
Kepler-1329 b,,,,,,,,,
Kepler-1331 b,,,,,,,,,
Kepler-1332 b,,,,,,,,,
Kepler-1335 b,,,,,,,,,
Kepler-1337 b,,,,,,,,,
Kepler-1339 b,,,,,,,,,
Kepler-134 b,,,,,,,,,
Kepler-134 c,,,,,,,,,
Kepler-1341 b,,,,,,,,,
Kepler-1347 b,,,,,,,,,
Kepler-1350 b,,,,,,,,,
Kepler-1350 c,,,,,,,,,
Kepler-1351 b,,,,,,,,,
Kepler-1353 b,,,,,,,,,
Kepler-1355 b,,,,,,,,,
Kepler-1356 b,,,,,,,,,
Kepler-1358 b,,,,,,,,,
Kepler-1359 b,,,,,,,,,
Kepler-1361 b,,,,,,,,,
Kepler-1362 b,,,,,,,,,
Kepler-1363 b,,,,,,,,,
Kepler-1365 b,,,,,,,,,
Kepler-1365 c,,,,,,,,,
Kepler-1366 b,,,,,,,,,
Kepler-1367 b,,,,,,,,,
Kepler-137 b,,,,,,,,,
Kepler-137 c,,,,,,,,,
Kepler-1371 b,,,,,,,,,
Kepler-1371 c,,,,,,,,,
Kepler-1374 b,,,,,,,,,
Kepler-1378 b,,,,,,,,,
Kepler-1379 b,,,,,,,,,
Kepler-138 b,,,,,,,,,
Kepler-138 c,,,,,,,,,
Kepler-138 d,,,,,,,,,
Kepler-138 e,,290.3814122,43.2930645,,,,,,
Kepler-1384 b,,,,,,,,,
Kepler-1387 b,,,,,,,,,
Kepler-1388 b,,,,,,,,,
Kepler-1388 c,,,,,,,,,
Kepler-1388 d,,,,,,,,,
Kepler-1388 e,,,,,,,,,
Kepler-1389 b,,,,,,,,,
Kepler-139 b,,,,,,,,,
Kepler-139 c,,,,,,,,,
Kepler-139 d,,,,,,,,,
Kepler-1393 b,,,,,,,,,
Kepler-1400 b,,,,,,,,,
Kepler-1404 b,,,,,,,,,
Kepler-1409 b,,,,,,,,,
Kepler-141 b,,,,,,,,,
Kepler-141 c,,,,,,,,,
Kepler-1410 b,,,,,,,,,
Kepler-1413 b,,,,,,,,,
Kepler-1414 b,,,,,,,,,
Kepler-1418 b,,,,,,,,,
Kepler-142 b,,,,,,,,,
Kepler-142 c,,,,,,,,,
Kepler-142 d,,,,,,,,,
Kepler-1420 b,,,,,,,,,
Kepler-1423 b,,,,,,,,,
Kepler-1430 b,,,,,,,,,
Kepler-1439 b,,,,,,,,,
Kepler-144 b,,,,,,,,,
Kepler-144 c,,,,,,,,,
Kepler-1446 b,,,,,,,,,
Kepler-1448 b,,,,,,,,,
Kepler-1450 b,,,,,,,,,
Kepler-1455 b,,,,,,,,,
Kepler-1456 b,,,,,,,,,
Kepler-1459 b,,,,,,,,,
Kepler-1460 b,,,,,,,,,
Kepler-1461 b,,,,,,,,,
Kepler-1465 b,,,,,,,,,
Kepler-1470 b,,,,,,,,,
Kepler-1471 b,,,,,,,,,
Kepler-1477 b,,,,,,,,,
Kepler-148 b,,,,,,,,,
Kepler-148 c,,,,,,,,,
Kepler-148 d,,,,,,,,,
Kepler-1480 b,,,,,,,,,
Kepler-1481 b,,,,,,,,,
Kepler-1482 b,,,,,,,,,
Kepler-1488 c,,,,,,,,,
Kepler-149 c,,,,,,,,,
Kepler-1492 b,,,,,,,,,
Kepler-1498 b,,,,,,,,,
Kepler-1499 b,,,,,,,,,
Kepler-150 b,,,,,,,,,
Kepler-150 c,,,,,,,,,
Kepler-150 d,,,,,,,,,
Kepler-150 e,,,,,,,,,
Kepler-150 f,,,,,,,,,
Kepler-1503 b,,,,,,,,,
Kepler-1505 b,,,,,,,,,
Kepler-1507 b,,,,,,,,,
Kepler-151 b,,,,,,,,,
Kepler-151 c,,,,,,,,,
Kepler-1512 b,,,,,,,,,
Kepler-1518 c,,,,,,,,,
Kepler-152 b,,,,,,,,,
Kepler-152 c,,,,,,,,,
Kepler-1520 b,,,,,,,,,
Kepler-1521 b,,,,,,,,,
Kepler-1526 b,,,,,,,,,
Kepler-1529 b,,,,,,,,,
Kepler-153 b,,,,,,,,,
Kepler-153 c,,,,,,,,,
Kepler-1530 b,,,,,,,,,
Kepler-1530 c,,,,,,,,,
Kepler-1530 d,,,,,,,,,
Kepler-1532 b,,,,,,,,,
Kepler-1536 b,,,,,,,,,
Kepler-1537 b,,,,,,,,,
Kepler-1539 b,,,,,,,,,
Kepler-154 b,,,,,,,,,
Kepler-154 c,,,,,,,,,
Kepler-154 d,,,,,,,,,
Kepler-154 e,,,,,,,,,
Kepler-154 f,,,,,,,,,
Kepler-1540 b,,,,,,,,,
Kepler-1541 b,,,,,,,,,
Kepler-1542 b,,,,,,,,,
Kepler-1542 c,,,,,,,,,
Kepler-1542 d,,,,,,,,,
Kepler-1542 e,,,,,,,,,
Kepler-1544 b,,,,,,,,,
Kepler-1545 b,,,,,,,,,
Kepler-155 b,,,,,,,,,
Kepler-155 c,,,,,,,,,
Kepler-1552 b,,,,,,,,,
Kepler-1553 b,,,,,,,,,
Kepler-1554 b,,,,,,,,,
Kepler-1558 b,,,,,,,,,
Kepler-1559 b,,,,,,,,,
Kepler-156 b,,,,,,,,,
Kepler-156 c,,,,,,,,,
Kepler-1565 b,,,,,,,,,
Kepler-1566 b,,,,,,,,,
Kepler-157 b,,,,,,,,,
Kepler-157 c,,,,,,,,,
Kepler-157 d,,,,,,,,,
Kepler-1577 b,,,,,,,,,
Kepler-1578 b,,,,,,,,,
Kepler-1579 b,,,,,,,,,
Kepler-158 b,,,,,,,,,
Kepler-158 c,,,,,,,,,
Kepler-1582 b,,,,,,,,,
Kepler-1583 b,,,,,,,,,
Kepler-159 b,,,,,,,,,
Kepler-159 c,,,,,,,,,
Kepler-1593 b,,,,,,,,,
Kepler-1595 b,,,,,,,,,
Kepler-16 b,,,,,,,,,
Kepler-160 b,,,,,,,,,
Kepler-160 c,,,,,,,,,
Kepler-1600 b,,,,,,,,,
Kepler-1600 c,,,,,,,,,
Kepler-1604 b,,,,,,,,,
Kepler-1605 b,,,,,,,,,
Kepler-1608 b,,,,,,,,,
Kepler-161 b,,,,,,,,,
Kepler-161 c,,,,,,,,,
Kepler-1610 b,,,,,,,,,
Kepler-1610 c,,,,,,,,,
Kepler-1614 b,,,,,,,,,
Kepler-162 b,,,,,,,,,
Kepler-1624 b,,,,,,,,,
Kepler-1627 b,,,,,,,,,
Kepler-1628 b,,,,,,,,,
Kepler-163 b,,,,,,,,,
Kepler-1630 b,,,,,,,,,
Kepler-164 b,,,,,,,,,
Kepler-164 c,,,,,,,,,
Kepler-164 d,,,,,,,,,
Kepler-164 e,,,,,,,,,
Kepler-1642 b,,,,,,,,,
Kepler-1642 c,,,,,,,,,
Kepler-1643 b,,,,,,,,,
Kepler-1644 b,,,,,,,,,
Kepler-1646 b,,,,,,,,,
Kepler-1649 b,,,,,,,,,
Kepler-1649 c,,,,,,,,,
Kepler-165 b,,,,,,,,,
Kepler-165 c,,,,,,,,,
Kepler-1650 b,,,,,,,,,
Kepler-1651 b,,,,,,,,,
Kepler-1652 b,,,,,,,,,
Kepler-1653 b,,,,,,,,,
Kepler-1655 b,,,,,,,,,
Kepler-166 b,,,,,,,,,
Kepler-166 c,,,,,,,,,
Kepler-166 d,,,,,,,,,
Kepler-1661 b,,,,,,,,,
Kepler-1663 b,,,,,,,,,
Kepler-1665 b,,,,,,,,,
Kepler-1669 b,,,,,,,,,
Kepler-1669 c,,,,,,,,,
Kepler-1669 d,,,,,,,,,
Kepler-167 b,,,,,,,,,
Kepler-167 c,,,,,,,,,
Kepler-167 d,,,,,,,,,
Kepler-167 e,,,,,,,,,
Kepler-1680 b,,,,,,,,,
Kepler-1684 b,,,,,,,,,
Kepler-1687 b,,,,,,,,,
Kepler-1688 b,,,,,,,,,
Kepler-1689 b,,,,,,,,,
Kepler-169 b,,,,,,,,,
Kepler-169 c,,,,,,,,,
Kepler-169 d,,,,,,,,,
Kepler-169 e,,,,,,,,,
Kepler-169 f,,,,,,,,,
Kepler-1693 b,,,,,,,,,
Kepler-1693 c,,,,,,,,,
Kepler-1694 b,,,,,,,,,
Kepler-1697 b,,,,,,,,,
Kepler-1698 b,,,,,,,,,
Kepler-1701 b,,,,,,,,,
Kepler-1702 b,,,,,,,,,
Kepler-171 b,,,,,,,,,
Kepler-171 c,,,,,,,,,
Kepler-171 d,,,,,,,,,
Kepler-1710 b,,,,,,,,,
Kepler-1712 b,,,,,,,,,
Kepler-1716 b,,,,,,,,,
Kepler-1718 b,,,,,,,,,
Kepler-172 b,,,,,,,,,
Kepler-172 c,,,,,,,,,
Kepler-172 d,,,,,,,,,
Kepler-172 e,,,,,,,,,
Kepler-1721 b,,,,,,,,,
Kepler-1722 b,,,,,,,,,
Kepler-1726 b,,,,,,,,,
Kepler-1727 b,,,,,,,,,
Kepler-1729 b,,,,,,,,,
Kepler-173 b,,,,,,,,,
Kepler-173 c,,,,,,,,,
Kepler-1731 b,,,,,,,,,
Kepler-1735 b,,,,,,,,,
Kepler-1739 b,,,,,,,,,
Kepler-174 b,,,,,,,,,
Kepler-174 c,,,,,,,,,
Kepler-174 d,,,,,,,,,
Kepler-1741 b,,,,,,,,,
Kepler-1742 b,,,,,,,,,
Kepler-1744 b,,,,,,,,,
Kepler-1749 b,,,,,,,,,
Kepler-1752 b,,,,,,,,,
Kepler-1753 b,,,,,,,,,
Kepler-1754 b,,,,,,,,,
Kepler-1757 b,,,,,,,,,
Kepler-1759 b,,,,,,,,,
Kepler-176 b,,,,,,,,,
Kepler-176 c,,,,,,,,,
Kepler-176 d,,,,,,,,,
Kepler-176 e,,,,,,,,,
Kepler-1761 b,,,,,,,,,
Kepler-1766 b,,,,,,,,,
Kepler-178 b,,,,,,,,,
Kepler-178 c,,,,,,,,,
Kepler-178 d,,,,,,,,,
Kepler-1782 b,,,,,,,,,
Kepler-1783 b,,,,,,,,,
Kepler-1788 b,,,,,,,,,
Kepler-179 b,,,,,,,,,
Kepler-179 c,,,,,,,,,
Kepler-1794 b,,,,,,,,,
Kepler-1798 b,,,,,,,,,
Kepler-18 b,,,,,,,,,
Kepler-18 c,,,,,,,,,
Kepler-18 d,,,,,,,,,
Kepler-180 b,,,,,,,,,
Kepler-180 c,,,,,,,,,
Kepler-1801 b,,,,,,,,,
Kepler-1801 c,,,,,,,,,
Kepler-1802 b,,,,,,,,,
Kepler-1802 c,,,,,,,,,
Kepler-1804 b,,,,,,,,,
Kepler-1805 b,,,,,,,,,
Kepler-1808 b,,,,,,,,,
Kepler-1809 b,,,,,,,,,
Kepler-181 b,,,,,,,,,
Kepler-181 c,,,,,,,,,
Kepler-1814 b,,,,,,,,,
Kepler-1814 c,,,,,,,,,
Kepler-1816 b,,,,,,,,,
Kepler-1822 b,,,,,,,,,
Kepler-1825 b,,,,,,,,,
Kepler-1826 b,,,,,,,,,
Kepler-1829 b,,,,,,,,,
Kepler-1832 b,,,,,,,,,
Kepler-1834 b,,,,,,,,,
Kepler-1834 c,,,,,,,,,
Kepler-184 b,,,,,,,,,
Kepler-184 c,,,,,,,,,
Kepler-184 d,,,,,,,,,
Kepler-1840 b,,,,,,,,,
Kepler-1841 b,,,,,,,,,
Kepler-1845 b,,,,,,,,,
Kepler-1846 b,,,,,,,,,
Kepler-1848 b,,,,,,,,,
Kepler-1849 b,,,,,,,,,
Kepler-185 b,,,,,,,,,
Kepler-185 c,,,,,,,,,
Kepler-1850 b,,,,,,,,,
Kepler-1853 b,,,,,,,,,
Kepler-1854 b,,,,,,,,,
Kepler-1856 b,,,,,,,,,
Kepler-1857 b,,,,,,,,,
Kepler-186 b,,,,,,,,,
Kepler-186 c,,,,,,,,,
Kepler-186 d,,,,,,,,,
Kepler-186 e,,,,,,,,,
Kepler-186 f,,,,,,,,,
Kepler-1860 b,,,,,,,,,
Kepler-1865 b,,,,,,,,,
Kepler-1867 b,,,,,,,,,
Kepler-1868 b,,,,,,,,,
Kepler-1869 b,,,,,,,,,
Kepler-1869 c,,,,,,,,,
Kepler-1874 b,,,,,,,,,
Kepler-1880 b,,,,,,,,,
Kepler-1888 b,,,,,,,,,
Kepler-189 b,,,,,,,,,
Kepler-189 c,,,,,,,,,
Kepler-1890 b,,,,,,,,,
Kepler-1891 b,,,,,,,,,
Kepler-1892 b,,,,,,,,,
Kepler-1894 b,,,,,,,,,
Kepler-1894 c,,,,,,,,,
Kepler-1898 b,,,,,,,,,
Kepler-1899 b,,,,,,,,,
Kepler-19 b,,,,,,,,,
Kepler-19 c,,,,,,,,,
Kepler-190 b,,,,,,,,,
Kepler-190 c,,,,,,,,,
Kepler-1902 b,,,,,,,,,
Kepler-1904 b,,,,,,,,,
Kepler-1907 b,,,,,,,,,
Kepler-1907 c,,,,,,,,,
Kepler-1909 b,,,,,,,,,
Kepler-191 b,,,,,,,,,
Kepler-191 c,,,,,,,,,
Kepler-191 d,,,,,,,,,
Kepler-1911 b,,,,,,,,,
Kepler-1917 b,,,,,,,,,
Kepler-192 d,,,,,,,,,
Kepler-1926 b,,,,,,,,,
Kepler-1930 b,,,,,,,,,
Kepler-1934 b,,,,,,,,,
Kepler-1935 b,,,,,,,,,
Kepler-1938 b,,,,,,,,,
Kepler-1939 b,,,,,,,,,
Kepler-1940 b,,,,,,,,,
Kepler-1942 b,,,,,,,,,
Kepler-1947 b,,,,,,,,,
Kepler-1948 b,,,,,,,,,
Kepler-195 b,,,,,,,,,
Kepler-195 c,,,,,,,,,
Kepler-1950 b,,,,,,,,,
Kepler-1952 b,,,,,,,,,
Kepler-1953 b,,,,,,,,,
Kepler-1956 b,,,,,,,,,
Kepler-1957 b,,,,,,,,,
Kepler-1959 b,,,,,,,,,
Kepler-196 b,,,,,,,,,
Kepler-196 c,,,,,,,,,
Kepler-196 d,,,,,,,,,
Kepler-1961 b,,,,,,,,,
Kepler-1963 b,,,,,,,,,
Kepler-1965 b,,,,,,,,,
Kepler-1966 b,,,,,,,,,
Kepler-197 b,,,,,,,,,
Kepler-197 c,,,,,,,,,
Kepler-197 d,,,,,,,,,
Kepler-197 e,,,,,,,,,
Kepler-1977 b,,,,,,,,,
Kepler-1978 b,,,,,,,,,
Kepler-198 b,,,,,,,,,
Kepler-198 c,,,,,,,,,
Kepler-198 d,,,,,,,,,
Kepler-1983 b,,,,,,,,,
Kepler-1986 b,,,,,,,,,
Kepler-1987 b,,,,,,,,,
Kepler-1987 c,,,,,,,,,
Kepler-1987 d,,,,,,,,,
Kepler-1987 e,,,,,,,,,
Kepler-199 b,,,,,,,,,
Kepler-199 c,,,,,,,,,
Kepler-1991 b,,,,,,,,,
Kepler-1992 b,,,,,,,,,
Kepler-1994 b,,,,,,,,,
Kepler-1996 b,,,,,,,,,
Kepler-1996 c,,,,,,,,,
Kepler-1998 b,,,,,,,,,
Kepler-1999 b,,,,,,,,,
Kepler-20 b,,,,,,,,,
Kepler-20 c,,,,,,,,,
Kepler-20 d,,,,,,,,,
Kepler-20 e,,,,,,,,,
Kepler-20 f,,,,,,,,,
Kepler-20 g,,287.6979913,42.3385782,,,,,,
Kepler-200 b,,,,,,,,,
Kepler-200 c,,,,,,,,,
Kepler-2000 b,,,,,,,,,
Kepler-2000 c,,,,,,,,,
Kepler-2001 b,,,,,,,,,
Kepler-2001 c,,,,,,,,,
Kepler-202 b,,,,,,,,,
Kepler-202 c,,,,,,,,,
Kepler-203 b,,,,,,,,,
Kepler-203 c,,,,,,,,,
Kepler-203 d,,,,,,,,,
Kepler-204 c,,,,,,,,,
Kepler-205 b,,,,,,,,,
Kepler-205 c,,,,,,,,,
Kepler-206 b,,,,,,,,,
Kepler-206 c,,,,,,,,,
Kepler-206 d,,,,,,,,,
Kepler-208 b,,,,,,,,,
Kepler-208 c,,,,,,,,,
Kepler-208 d,,,,,,,,,
Kepler-208 e,,,,,,,,,
Kepler-209 b,,,,,,,,,
Kepler-209 c,,,,,,,,,
Kepler-210 b,,,,,,,,,
Kepler-210 c,,,,,,,,,
Kepler-211 b,,,,,,,,,
Kepler-211 c,,,,,,,,,
Kepler-215 b,,,,,,,,,
Kepler-215 c,,,,,,,,,
Kepler-215 d,,,,,,,,,
Kepler-215 e,,,,,,,,,
Kepler-218 b,,,,,,,,,
Kepler-22 b,,,,,,,,,
Kepler-220 b,,,,,,,,,
Kepler-220 c,,,,,,,,,
Kepler-220 d,,,,,,,,,
Kepler-220 e,,,,,,,,,
Kepler-221 b,,,,,,,,,
Kepler-221 c,,,,,,,,,
Kepler-221 d,,,,,,,,,
Kepler-221 e,,,,,,,,,
Kepler-222 b,,,,,,,,,
Kepler-222 c,,,,,,,,,
Kepler-222 d,,,,,,,,,
Kepler-224 b,,,,,,,,,
Kepler-224 c,,,,,,,,,
Kepler-224 d,,,,,,,,,
Kepler-224 e,,,,,,,,,
Kepler-225 b,,,,,,,,,
Kepler-225 c,,,,,,,,,
Kepler-226 b,,,,,,,,,
Kepler-226 c,,,,,,,,,
Kepler-226 d,,,,,,,,,
Kepler-229 b,,,,,,,,,
Kepler-229 c,,,,,,,,,
Kepler-229 d,,,,,,,,,
Kepler-23 b,,,,,,,,,
Kepler-23 c,,,,,,,,,
Kepler-23 d,,,,,,,,,
Kepler-230 b,,,,,,,,,
Kepler-230 c,,,,,,,,,
Kepler-231 b,,,,,,,,,
Kepler-231 c,,,,,,,,,
Kepler-233 b,,,,,,,,,
Kepler-233 c,,,,,,,,,
Kepler-235 b,,,,,,,,,
Kepler-235 c,,,,,,,,,
Kepler-235 d,,,,,,,,,
Kepler-235 e,,,,,,,,,
Kepler-236 b,,,,,,,,,
Kepler-236 c,,,,,,,,,
Kepler-237 b,,,,,,,,,
Kepler-237 c,,,,,,,,,
Kepler-238 b,,,,,,,,,
Kepler-238 c,,,,,,,,,
Kepler-238 d,,,,,,,,,
Kepler-238 f,,,,,,,,,
Kepler-239 b,,,,,,,,,
Kepler-239 c,,,,,,,,,
Kepler-24 b,,,,,,,,,
Kepler-24 c,,,,,,,,,
Kepler-24 d,,,,,,,,,
Kepler-24 e,,,,,,,,,
Kepler-240 b,,,,,,,,,
Kepler-240 c,,,,,,,,,
Kepler-241 b,,,,,,,,,
Kepler-241 c,,,,,,,,,
Kepler-242 b,,,,,,,,,
Kepler-242 c,,,,,,,,,
Kepler-243 b,,,,,,,,,
Kepler-243 c,,,,,,,,,
Kepler-244 b,,,,,,,,,
Kepler-244 c,,,,,,,,,
Kepler-244 d,,,,,,,,,
Kepler-245 b,,,,,,,,,
Kepler-245 c,,,,,,,,,
Kepler-245 d,,,,,,,,,
Kepler-245 e,,,,,,,,,
Kepler-246 b,,,,,,,,,
Kepler-246 c,,,,,,,,,
Kepler-247 b,,,,,,,,,
Kepler-247 c,,,,,,,,,
Kepler-247 d,,,,,,,,,
Kepler-248 b,,,,,,,,,
Kepler-249 b,,,,,,,,,
Kepler-249 c,,,,,,,,,
Kepler-249 d,,,,,,,,,
Kepler-25 b,,,,,,,,,
Kepler-250 b,,,,,,,,,
Kepler-250 c,,,,,,,,,
Kepler-250 d,,,,,,,,,
Kepler-251 b,,,,,,,,,
Kepler-251 c,,,,,,,,,
Kepler-251 d,,,,,,,,,
Kepler-251 e,,,,,,,,,
Kepler-252 b,,,,,,,,,
Kepler-252 c,,,,,,,,,
Kepler-253 b,,,,,,,,,
Kepler-253 c,,,,,,,,,
Kepler-253 d,,,,,,,,,
Kepler-255 d,,,,,,,,,
Kepler-256 b,,,,,,,,,
Kepler-256 c,,,,,,,,,
Kepler-256 d,,,,,,,,,
Kepler-256 e,,,,,,,,,
Kepler-257 b,,,,,,,,,
Kepler-257 c,,,,,,,,,
Kepler-257 d,,,,,,,,,
Kepler-258 b,,,,,,,,,
Kepler-258 c,,,,,,,,,
Kepler-26 b,,,,,,,,,
Kepler-26 c,,,,,,,,,
Kepler-26 d,,,,,,,,,
Kepler-26 e,,,,,,,,,
Kepler-260 b,,,,,,,,,
Kepler-260 c,,,,,,,,,
Kepler-261 b,,,,,,,,,
Kepler-261 c,,,,,,,,,
Kepler-262 b,,,,,,,,,
Kepler-262 c,,,,,,,,,
Kepler-263 b,,,,,,,,,
Kepler-263 c,,,,,,,,,
Kepler-265 b,,,,,,,,,
Kepler-265 c,,,,,,,,,
Kepler-265 d,,,,,,,,,
Kepler-265 e,,,,,,,,,
Kepler-267 b,,,,,,,,,
Kepler-267 c,,,,,,,,,
Kepler-267 d,,,,,,,,,
Kepler-27 d,,,,,,,,,
Kepler-271 b,,,,,,,,,
Kepler-271 c,,,,,,,,,
Kepler-271 d,,,,,,,,,
Kepler-272 b,,,,,,,,,
Kepler-272 c,,,,,,,,,
Kepler-272 d,,,,,,,,,
Kepler-273 b,,,,,,,,,
Kepler-28 b,,,,,,,,,
Kepler-28 c,,,,,,,,,
Kepler-282 b,,,,,,,,,
Kepler-282 c,,,,,,,,,
Kepler-282 d,,,,,,,,,
Kepler-282 e,,,,,,,,,
Kepler-283 b,,,,,,,,,
Kepler-283 c,,,,,,,,,
Kepler-285 b,,,,,,,,,
Kepler-285 c,,,,,,,,,
Kepler-286 b,,,,,,,,,
Kepler-286 c,,,,,,,,,
Kepler-286 d,,,,,,,,,
Kepler-286 e,,,,,,,,,
Kepler-289 b,,,,,,,,,
Kepler-289 d,,,,,,,,,
Kepler-29 b,,,,,,,,,
Kepler-29 c,,,,,,,,,
Kepler-290 b,,,,,,,,,
Kepler-290 c,,,,,,,,,
Kepler-290 d,,,,,,,,,
Kepler-292 b,,,,,,,,,
Kepler-292 c,,,,,,,,,
Kepler-292 d,,,,,,,,,
Kepler-292 e,,,,,,,,,
Kepler-292 f,,,,,,,,,
Kepler-295 b,,,,,,,,,
Kepler-295 c,,,,,,,,,
Kepler-295 d,,,,,,,,,
Kepler-296 b,,,,,,,,,
Kepler-296 c,,,,,,,,,
Kepler-296 d,,,,,,,,,
Kepler-296 e,,,,,,,,,
Kepler-296 f,,,,,,,,,
Kepler-297 b,,,,,,,,,
Kepler-297 c,,,,,,,,,
Kepler-298 b,,,,,,,,,
Kepler-298 c,,,,,,,,,
Kepler-298 d,,,,,,,,,
Kepler-299 b,,,,,,,,,
Kepler-299 c,,,,,,,,,
Kepler-299 d,,,,,,,,,
Kepler-299 e,,,,,,,,,
Kepler-301 b,,,,,,,,,
Kepler-301 c,,,,,,,,,
Kepler-301 d,,,,,,,,,
Kepler-303 b,,,,,,,,,
Kepler-303 c,,,,,,,,,
Kepler-304 b,,,,,,,,,
Kepler-304 c,,,,,,,,,
Kepler-304 d,,,,,,,,,
Kepler-304 e,,,,,,,,,
Kepler-305 b,,,,,,,,,
Kepler-305 c,,,,,,,,,
Kepler-305 d,,,,,,,,,
Kepler-305 e,,,,,,,,,
Kepler-306 b,,,,,,,,,
Kepler-306 c,,,,,,,,,
Kepler-306 d,,,,,,,,,
Kepler-306 e,,,,,,,,,
Kepler-307 b,,,,,,,,,
Kepler-307 c,,,,,,,,,
Kepler-309 b,,,,,,,,,
Kepler-309 c,,,,,,,,,
Kepler-310 b,,,,,,,,,
Kepler-310 c,,,,,,,,,
Kepler-310 d,,,,,,,,,
Kepler-311 b,,,,,,,,,
Kepler-311 c,,,,,,,,,
Kepler-311 d,,,,,,,,,
Kepler-314 b,,,,,,,,,
Kepler-315 b,,,,,,,,,
Kepler-315 c,,,,,,,,,
Kepler-316 b,,,,,,,,,
Kepler-316 c,,,,,,,,,
Kepler-317 b,,,,,,,,,
Kepler-317 c,,,,,,,,,
Kepler-319 b,,,,,,,,,
Kepler-319 c,,,,,,,,,
Kepler-319 d,,,,,,,,,
Kepler-32 d,,,,,,,,,
Kepler-32 e,,,,,,,,,
Kepler-32 f,,,,,,,,,
Kepler-321 b,,,,,,,,,
Kepler-322 b,,,,,,,,,
Kepler-322 c,,,,,,,,,
Kepler-323 b,,,,,,,,,
Kepler-323 c,,,,,,,,,
Kepler-324 b,,,,,,,,,
Kepler-324 c,,,,,,,,,
Kepler-324 e,,,,,,,,,
Kepler-325 b,,,,,,,,,
Kepler-325 c,,,,,,,,,
Kepler-325 d,,,,,,,,,
Kepler-326 b,,,,,,,,,
Kepler-326 c,,,,,,,,,
Kepler-326 d,,,,,,,,,
Kepler-327 b,,,,,,,,,
Kepler-327 c,,,,,,,,,
Kepler-327 d,,,,,,,,,
Kepler-329 b,,,,,,,,,
Kepler-329 c,,,,,,,,,
Kepler-33 b,,,,,,,,,
Kepler-33 c,,,,,,,,,
Kepler-33 d,,,,,,,,,
Kepler-33 e,,,,,,,,,
Kepler-33 f,,,,,,,,,
Kepler-330 b,,,,,,,,,
Kepler-330 c,,,,,,,,,
Kepler-331 b,,,,,,,,,
Kepler-331 c,,,,,,,,,
Kepler-331 d,,,,,,,,,
Kepler-332 b,,,,,,,,,
Kepler-332 c,,,,,,,,,
Kepler-332 d,,,,,,,,,
Kepler-333 b,,,,,,,,,
Kepler-333 c,,,,,,,,,
Kepler-334 b,,,,,,,,,
Kepler-334 c,,,,,,,,,
Kepler-334 d,,,,,,,,,
Kepler-338 b,,,,,,,,,
Kepler-338 c,,,,,,,,,
Kepler-338 d,,,,,,,,,
Kepler-338 e,,,,,,,,,
Kepler-339 b,,,,,,,,,
Kepler-339 c,,,,,,,,,
Kepler-339 d,,,,,,,,,
Kepler-341 b,,,,,,,,,
Kepler-341 c,,,,,,,,,
Kepler-341 d,,,,,,,,,
Kepler-341 e,,,,,,,,,
Kepler-342 b,,,,,,,,,
Kepler-342 c,,,,,,,,,
Kepler-342 d,,,,,,,,,
Kepler-342 e,,,,,,,,,
Kepler-345 b,,,,,,,,,
Kepler-345 c,,,,,,,,,
Kepler-351 b,,,,,,,,,
Kepler-351 c,,,,,,,,,
Kepler-351 d,,,,,,,,,
Kepler-352 b,,,,,,,,,
Kepler-352 c,,,,,,,,,
Kepler-352 d,,,,,,,,,
Kepler-353 b,,,,,,,,,
Kepler-353 c,,,,,,,,,
Kepler-354 b,,,,,,,,,
Kepler-354 c,,,,,,,,,
Kepler-354 d,,,,,,,,,
Kepler-357 b,,,,,,,,,
Kepler-357 c,,,,,,,,,
Kepler-357 d,,,,,,,,,
Kepler-36 b,,,,,,,,,
Kepler-36 c,,,,,,,,,
Kepler-365 b,,,,,,,,,
Kepler-365 c,,,,,,,,,
Kepler-367 b,,,,,,,,,
Kepler-367 c,,,,,,,,,
Kepler-369 b,,,,,,,,,
Kepler-369 c,,,,,,,,,
Kepler-37 b,,,,,,,,,
Kepler-37 c,,,,,,,,,
Kepler-37 d,,,,,,,,,
Kepler-37 e,,,,,,,,,
Kepler-371 b,,,,,,,,,
Kepler-371 c,,,,,,,,,
Kepler-376 b,,,,,,,,,
Kepler-376 c,,,,,,,,,
Kepler-378 b,,,,,,,,,
Kepler-378 c,,,,,,,,,
Kepler-381 b,,,,,,,,,
Kepler-381 c,,,,,,,,,
Kepler-381 d,,,,,,,,,
Kepler-382 b,,,,,,,,,
Kepler-382 c,,,,,,,,,
Kepler-383 b,,,,,,,,,
Kepler-383 c,,,,,,,,,
Kepler-384 b,,,,,,,,,
Kepler-384 c,,,,,,,,,
Kepler-385 d,,,,,,,,,
Kepler-386 b,,,,,,,,,
Kepler-386 c,,,,,,,,,
Kepler-387 b,,,,,,,,,
Kepler-387 c,,,,,,,,,
Kepler-388 b,,,,,,,,,
Kepler-388 c,,,,,,,,,
Kepler-389 b,,,,,,,,,
Kepler-389 c,,,,,,,,,
Kepler-390 b,,,,,,,,,
Kepler-390 c,,,,,,,,,
Kepler-391 b,,,,,,,,,
Kepler-391 c,,,,,,,,,
Kepler-392 b,,,,,,,,,
Kepler-392 c,,,,,,,,,
Kepler-394 d,,,,,,,,,
Kepler-395 b,,,,,,,,,
Kepler-395 c,,,,,,,,,
Kepler-396 b,,,,,,,,,
Kepler-396 c,,,,,,,,,
Kepler-397 b,,,,,,,,,
Kepler-397 c,,,,,,,,,
Kepler-398 b,,,,,,,,,
Kepler-398 c,,,,,,,,,
Kepler-398 d,,,,,,,,,
Kepler-399 b,,,,,,,,,
Kepler-399 c,,,,,,,,,
Kepler-399 d,,,,,,,,,
Kepler-402 b,,,,,,,,,
Kepler-402 c,,,,,,,,,
Kepler-402 d,,,,,,,,,
Kepler-402 e,,,,,,,,,
Kepler-404 b,,,,,,,,,
Kepler-404 c,,,,,,,,,
Kepler-405 b,,,,,,,,,
Kepler-406 b,,,,,,,,,
Kepler-406 c,,,,,,,,,
Kepler-409 b,,,,,,,,,
Kepler-411 b,,,,,,,,,
Kepler-411 c,,,,,,,,,
Kepler-411 d,,,,,,,,,
Kepler-411 e,,,,,,,,,
Kepler-413 b,,,,,,,,,
Kepler-414 b,,,,,,,,,
Kepler-414 c,,,,,,,,,
Kepler-415 b,,,,,,,,,
Kepler-415 c,,,,,,,,,
Kepler-416 b,,,,,,,,,
Kepler-416 c,,,,,,,,,
Kepler-416 d,,,,,,,,,
Kepler-417 b,,,,,,,,,
Kepler-417 c,,,,,,,,,
Kepler-42 b,,,,,,,,,
Kepler-42 c,,,,,,,,,
Kepler-42 d,,,,,,,,,
Kepler-421 b,,,,,,,,,
Kepler-431 b,,,,,,,,,
Kepler-431 c,,,,,,,,,
Kepler-431 d,,,,,,,,,
Kepler-436 b,,,,,,,,,
Kepler-436 c,,,,,,,,,
Kepler-437 b,,,,,,,,,
Kepler-438 b,,,,,,,,,
Kepler-440 b,,,,,,,,,
Kepler-441 b,,,,,,,,,
Kepler-442 b,,,,,,,,,
Kepler-443 b,,,,,,,,,
Kepler-444 b,,,,,,,,,
Kepler-444 c,,,,,,,,,
Kepler-444 d,,,,,,,,,
Kepler-444 e,,,,,,,,,
Kepler-444 f,,,,,,,,,
Kepler-445 b,,,,,,,,,
Kepler-445 c,,,,,,,,,
Kepler-445 d,,,,,,,,,
Kepler-446 b,,,,,,,,,
Kepler-446 c,,,,,,,,,
Kepler-446 d,,,,,,,,,
Kepler-449 b,,,,,,,,,
Kepler-449 c,,,,,,,,,
Kepler-450 d,,,,,,,,,
Kepler-454 b,,,,,,,,,
Kepler-46 d,,,,,,,,,
Kepler-463 b,,,,,,,,,
Kepler-466 c,,,,,,,,,
Kepler-47 b,,,,,,,,,
Kepler-47 c,,,,,,,,,
Kepler-472 b,,,,,,,,,
Kepler-475 b,,,,,,,,,
Kepler-477 b,,,,,,,,,
Kepler-478 b,,,,,,,,,
Kepler-479 b,,,,,,,,,
Kepler-48 b,,,,,,,,,
Kepler-48 c,,,,,,,,,
Kepler-48 d,,,,,,,,,
Kepler-48 e,,299.1393094,40.948939,,,,,,
Kepler-48 f,,299.1393094,40.948939,,,,,,
Kepler-482 b,,,,,,,,,
Kepler-484 b,,,,,,,,,
Kepler-487 c,,,,,,,,,
Kepler-487 d,,,,,,,,,
Kepler-49 b,,,,,,,,,
Kepler-49 c,,,,,,,,,
Kepler-49 d,,,,,,,,,
Kepler-49 e,,,,,,,,,
Kepler-495 b,,,,,,,,,
Kepler-495 c,,,,,,,,,
Kepler-496 b,,,,,,,,,
Kepler-499 b,,,,,,,,,
Kepler-504 b,,,,,,,,,
Kepler-505 b,,,,,,,,,
Kepler-510 b,,,,,,,,,
Kepler-511 c,,,,,,,,,
Kepler-515 b,,,,,,,,,
Kepler-518 b,,,,,,,,,
Kepler-519 b,,,,,,,,,
Kepler-52 d,,,,,,,,,
Kepler-523 b,,,,,,,,,
Kepler-529 b,,,,,,,,,
Kepler-529 c,,,,,,,,,
Kepler-529 d,,,,,,,,,
Kepler-531 b,,,,,,,,,
Kepler-532 b,,,,,,,,,
Kepler-533 b,,,,,,,,,
Kepler-534 b,,,,,,,,,
Kepler-538 b,,,,,,,,,
Kepler-54 b,,,,,,,,,
Kepler-54 c,,,,,,,,,
Kepler-54 d,,,,,,,,,
Kepler-542 b,,,,,,,,,
Kepler-543 b,,,,,,,,,
Kepler-547 b,,,,,,,,,
Kepler-549 b,,,,,,,,,
Kepler-549 c,,,,,,,,,
Kepler-549 d,,,,,,,,,
Kepler-55 b,,,,,,,,,
Kepler-55 c,,,,,,,,,
Kepler-55 d,,,,,,,,,
Kepler-55 e,,,,,,,,,
Kepler-55 f,,,,,,,,,
Kepler-551 b,,,,,,,,,
Kepler-558 b,,,,,,,,,
Kepler-560 b,,,,,,,,,
Kepler-561 c,,,,,,,,,
Kepler-563 b,,,,,,,,,
Kepler-566 b,,,,,,,,,
Kepler-567 b,,,,,,,,,
Kepler-568 b,,,,,,,,,
Kepler-57 b,,,,,,,,,
Kepler-57 c,,,,,,,,,
Kepler-572 b,,,,,,,,,
Kepler-577 b,,,,,,,,,
Kepler-578 b,,,,,,,,,
Kepler-58 d,,,,,,,,,
Kepler-58 e,,,,,,,,,
Kepler-580 b,,,,,,,,,
Kepler-589 b,,,,,,,,,
Kepler-589 c,,,,,,,,,
Kepler-598 b,,,,,,,,,
Kepler-598 c,,,,,,,,,
Kepler-599 b,,,,,,,,,
Kepler-600 b,,,,,,,,,
Kepler-601 b,,,,,,,,,
Kepler-605 b,,,,,,,,,
Kepler-605 c,,,,,,,,,
Kepler-607 b,,,,,,,,,
Kepler-607 c,,,,,,,,,
Kepler-61 b,,,,,,,,,
Kepler-614 b,,,,,,,,,
Kepler-615 b,,,,,,,,,
Kepler-616 b,,,,,,,,,
Kepler-616 c,,,,,,,,,
Kepler-616 d,,,,,,,,,
Kepler-617 b,,,,,,,,,
Kepler-619 c,,,,,,,,,
Kepler-619 d,,,,,,,,,
Kepler-621 b,,,,,,,,,
Kepler-622 b,,,,,,,,,
Kepler-629 b,,,,,,,,,
Kepler-632 b,,,,,,,,,
Kepler-633 b,,,,,,,,,
Kepler-633 c,,,,,,,,,
Kepler-636 b,,,,,,,,,
Kepler-646 b,,,,,,,,,
Kepler-647 b,,,,,,,,,
Kepler-647 c,,,,,,,,,
Kepler-649 b,,,,,,,,,
Kepler-65 b,,,,,,,,,
Kepler-65 c,,,,,,,,,
Kepler-65 d,,,,,,,,,
Kepler-651 b,,,,,,,,,
Kepler-656 b,,,,,,,,,
Kepler-658 b,,,,,,,,,
Kepler-659 b,,,,,,,,,
Kepler-660 b,,,,,,,,,
Kepler-661 b,,,,,,,,,
Kepler-662 b,,,,,,,,,
Kepler-665 b,,,,,,,,,
Kepler-668 b,,,,,,,,,
Kepler-67 b,,,,,,,,,
Kepler-674 b,,,,,,,,,
Kepler-675 b,,,,,,,,,
Kepler-676 b,,,,,,,,,
Kepler-68 b,,,,,,,,,
Kepler-68 c,,,,,,,,,
Kepler-681 b,,,,,,,,,
Kepler-687 b,,,,,,,,,
Kepler-69 b,,,,,,,,,
Kepler-69 c,,,,,,,,,
Kepler-691 b,,,,,,,,,
Kepler-705 b,,,,,,,,,
Kepler-707 b,,,,,,,,,
Kepler-709 b,,,,,,,,,
Kepler-711 b,,,,,,,,,
Kepler-712 b,,,,,,,,,
Kepler-712 c,,,,,,,,,
Kepler-716 b,,,,,,,,,
Kepler-716 c,,,,,,,,,
Kepler-721 b,,,,,,,,,
Kepler-732 b,,,,,,,,,
Kepler-732 c,,,,,,,,,
Kepler-737 b,,,,,,,,,
Kepler-742 b,,,,,,,,,
Kepler-743 b,,,,,,,,,
Kepler-744 b,,,,,,,,,
Kepler-746 b,,,,,,,,,
Kepler-749 b,,,,,,,,,
Kepler-751 b,,,,,,,,,
Kepler-753 b,,,,,,,,,
Kepler-755 b,,,,,,,,,
Kepler-755 c,,,,,,,,,
Kepler-756 b,,,,,,,,,
Kepler-758 b,,,,,,,,,
Kepler-758 c,,,,,,,,,
Kepler-758 d,,,,,,,,,
Kepler-758 e,,,,,,,,,
Kepler-760 b,,,,,,,,,
Kepler-760 c,,,,,,,,,
Kepler-763 b,,,,,,,,,
Kepler-763 c,,,,,,,,,
Kepler-763 d,,,,,,,,,
Kepler-768 b,,,,,,,,,
Kepler-770 b,,,,,,,,,
Kepler-770 c,,,,,,,,,
Kepler-770 d,,,,,,,,,
Kepler-775 b,,,,,,,,,
Kepler-776 b,,,,,,,,,
Kepler-777 b,,,,,,,,,
Kepler-778 b,,,,,,,,,
Kepler-779 b,,,,,,,,,
Kepler-78 b,,,,,,,,,
Kepler-781 b,,,,,,,,,
Kepler-783 b,,,,,,,,,
Kepler-783 c,,,,,,,,,
Kepler-786 b,,,,,,,,,
Kepler-787 b,,,,,,,,,
Kepler-79 b,,,,,,,,,
Kepler-79 c,,,,,,,,,
Kepler-79 e,,,,,,,,,
Kepler-790 b,,,,,,,,,
Kepler-80 b,,,,,,,,,
Kepler-80 c,,,,,,,,,
Kepler-80 d,,,,,,,,,
Kepler-80 e,,,,,,,,,
Kepler-80 f,,,,,,,,,
Kepler-801 b,,,,,,,,,
Kepler-804 b,,,,,,,,,
Kepler-804 c,,,,,,,,,
Kepler-808 b,,,,,,,,,
Kepler-81 b,,,,,,,,,
Kepler-81 c,,,,,,,,,
Kepler-81 d,,,,,,,,,
Kepler-819 b,,,,,,,,,
Kepler-82 b,,,,,,,,,
Kepler-82 c,,,,,,,,,
Kepler-82 d,,,,,,,,,
Kepler-82 e,,,,,,,,,
Kepler-82 f,,292.8733696,42.9661583,,,,,,
Kepler-821 b,,,,,,,,,
Kepler-825 b,,,,,,,,,
Kepler-825 c,,,,,,,,,
Kepler-828 b,,,,,,,,,
Kepler-83 b,,,,,,,,,
Kepler-83 c,,,,,,,,,
Kepler-83 d,,,,,,,,,
Kepler-833 b,,,,,,,,,
Kepler-834 b,,,,,,,,,
Kepler-837 b,,,,,,,,,
Kepler-84 b,,,,,,,,,
Kepler-84 c,,,,,,,,,
Kepler-84 d,,,,,,,,,
Kepler-84 e,,,,,,,,,
Kepler-84 f,,,,,,,,,
Kepler-842 b,,,,,,,,,
Kepler-844 b,,,,,,,,,
Kepler-845 b,,,,,,,,,
Kepler-847 b,,,,,,,,,
Kepler-85 b,,,,,,,,,
Kepler-85 c,,,,,,,,,
Kepler-85 d,,,,,,,,,
Kepler-85 e,,,,,,,,,
Kepler-851 b,,,,,,,,,
Kepler-859 b,,,,,,,,,
Kepler-861 b,,,,,,,,,
Kepler-865 b,,,,,,,,,
Kepler-865 c,,,,,,,,,
Kepler-866 b,,,,,,,,,
Kepler-876 b,,,,,,,,,
Kepler-877 b,,,,,,,,,
Kepler-878 b,,,,,,,,,
Kepler-882 b,,,,,,,,,
Kepler-888 b,,,,,,,,,
Kepler-892 b,,,,,,,,,
Kepler-894 b,,,,,,,,,
Kepler-895 b,,,,,,,,,
Kepler-898 b,,,,,,,,,
Kepler-9 d,,,,,,,,,
Kepler-90 i,,,,,,,,,
Kepler-900 b,,,,,,,,,
Kepler-901 b,,,,,,,,,
Kepler-913 b,,,,,,,,,
Kepler-916 b,,,,,,,,,
Kepler-92 d,,,,,,,,,
Kepler-920 b,,,,,,,,,
Kepler-920 c,,,,,,,,,
Kepler-922 b,,,,,,,,,
Kepler-925 b,,,,,,,,,
Kepler-928 b,,,,,,,,,
Kepler-93 b,,,,,,,,,
Kepler-931 b,,,,,,,,,
Kepler-932 b,,,,,,,,,
Kepler-934 b,,,,,,,,,
Kepler-935 b,,,,,,,,,
Kepler-94 b,,,,,,,,,
Kepler-942 b,,,,,,,,,
Kepler-949 b,,,,,,,,,
Kepler-949 c,,,,,,,,,
Kepler-951 b,,,,,,,,,
Kepler-953 c,,,,,,,,,
Kepler-954 b,,,,,,,,,
Kepler-958 b,,,,,,,,,
Kepler-960 b,,,,,,,,,
Kepler-962 b,,,,,,,,,
Kepler-964 b,,,,,,,,,
Kepler-967 b,,,,,,,,,
Kepler-967 c,,,,,,,,,
Kepler-968 b,,,,,,,,,
Kepler-968 c,,,,,,,,,
Kepler-969 b,,,,,,,,,
Kepler-969 c,,,,,,,,,
Kepler-97 b,,,,,,,,,
Kepler-970 b,,,,,,,,,
Kepler-971 b,,,,,,,,,
Kepler-973 b,,,,,,,,,
Kepler-974 b,,,,,,,,,
Kepler-975 b,,,,,,,,,
Kepler-977 b,,,,,,,,,
Kepler-979 b,,,,,,,,,
Kepler-988 b,,,,,,,,,
Kepler-989 b,,,,,,,,,
Kepler-99 b,,,,,,,,,
Kepler-991 b,,,,,,,,,
Kepler-992 b,,,,,,,,,
Kepler-993 b,,,,,,,,,
Kepler-994 b,,,,,,,,,
Kepler-995 b,,,,,,,,,
L 168-9 b,,350.0285917,-60.0657292,,,,,,
L 98-59 b,,124.5328604,-68.3144658,,,,,,
L 98-59 c,,124.5328604,-68.3144658,,,,,,
L 98-59 d,,124.5328604,-68.3144658,,,,,,
L 98-59 e,,124.5328604,-68.3144658,,,,,,
LHS 1140 b,,11.248632,-15.2741085,,,,,,
LHS 1140 c,,11.248632,-15.2741085,,,,,,
LHS 1478 b,,44.3388743,76.5514045,,,,,,
LHS 1815 b,,91.0899861,-55.3115376,,,,,,
LP 714-47 b,,64.1902212,-12.0848643,,,,,,
LP 791-18 b,,165.6904843,-16.4064445,,,,,,
LP 791-18 c,,165.6904843,-16.4064445,,,,,,
LP 791-18 d,,165.6904843,-16.4064445,,,,,,
LSPM J2116+0234 b,,319.1147513,2.5807711,,,,,,
LTT 1445 A b,,45.4624781,-16.5944956,,,,,,
LTT 1445 A c,,45.4624781,-16.5944956,,,,,,
LTT 3780 b,,154.6449033,-11.717801,,,,,,
LTT 3780 c,,154.6449033,-11.717801,,,,,,
NGTS-1 b,,82.7142134,-36.6309812,,,,,,
NGTS-4 b,,89.5988945,-30.8117992,,,,,,
Ross 128 b,,176.9376036,0.7992898,,,,,,
Ross 508 b,,230.9613022,17.4605347,,,,,,
TOI-1062 b,,38.1209678,-78.0236828,,,,,,
TOI-1062 c,,38.1209678,-78.0236828,,,,,,
TOI-1064 b,,296.0039349,-47.5620305,,,,,,
TOI-1064 c,,296.0039349,-47.5620305,,,,,,
TOI-1075 b,,309.9712091,-65.4496994,,,,,,
TOI-1130 b,,286.3760037,-41.4376399,,,,,,
TOI-1130 c,,286.3760037,-41.4376399,,,,,,
TOI-1136 b,,192.1848981,64.8552755,,,,,,
TOI-1136 c,,192.1848981,64.8552755,,,,,,
TOI-1136 d,,192.1848981,64.8552755,,,,,,
TOI-1136 e,,192.1848981,64.8552755,,,,,,
TOI-1136 f,,192.1848981,64.8552755,,,,,,
TOI-1136 g,,192.1848981,64.8552755,,,,,,
TOI-1174 b,,209.2171751,68.6182106,,,,,,
TOI-1180 b,,214.5557741,82.1937642,,,,,,
TOI-1184 b,,272.2045196,60.6787845,,,,,,
TOI-1201 b,,42.2476999,-14.5372835,,,,,,
TOI-1231 b,,156.74726,-52.4678724,,,,,,
TOI-1235 b,,152.2182549,69.2766204,,,,,,
TOI-1244 b,,256.279559,69.519093,,,,,,
TOI-1246 b,,251.1158702,70.4299917,,,,,,
TOI-1246 c,,251.1158702,70.4299917,,,,,,
TOI-1246 d,,251.1158702,70.4299917,,,,,,
TOI-1246 e,,251.1158702,70.4299917,,,,,,
TOI-125 b,,23.5934253,-66.6763495,,,,,,
TOI-125 c,,23.5934253,-66.6763495,,,,,,
TOI-125 d,,23.5934253,-66.6763495,,,,,,
TOI-1259 A b,,282.1001665,79.2564761,,,,,,
TOI-1260 b,,157.1440712,65.8541986,,,,,,
TOI-1260 c,,157.1440712,65.8541986,,,,,,
TOI-1260 d,,157.1440712,65.8541986,,,,,,
TOI-1266 b,,197.9965833,65.8336973,,,,,,
TOI-1266 c,,197.9965833,65.8336973,,,,,,
TOI-1269 b,,249.6966397,64.559181,,,,,,
TOI-1272 b,,199.1962036,49.8610591,,,,,,
TOI-1272 c,,199.1962036,49.8610591,,,,,,
TOI-1278 b,,320.4784442,35.648625,,,,,,
TOI-1279 b,,185.0628734,56.2014094,,,,,,
TOI-1347 b,,280.3266806,70.2900536,,,,,,
TOI-1347 c,,280.3266806,70.2900536,,,,,,
TOI-1410 c,,334.8828486,42.5603141,,,,,,
TOI-1410.01,,334.8828486,42.5603141,,,,,,
TOI-1411 b,,232.946047,47.0555507,,,,,,
TOI-1416 b,,216.9234892,41.9529862,,,,,,
TOI-1437 b,,256.1387513,56.842549,,,,,,
TOI-1443 b,,297.398678,76.1391776,,,,,,
TOI-1444 b,,305.4749252,70.9437054,,,,,,
TOI-1448 b,,316.324003,57.7710946,,,,,,
TOI-1467 b,,19.1146441,49.2331382,,,,,,
TOI-1470 b,,10.0891431,61.2133868,,,,,,
TOI-1470 c,,10.0891431,61.2133868,,,,,,
TOI-1634 b,,56.3906096,37.1122803,,,,,,
TOI-1669 c,,45.9564744,83.5874273,,,,,,
TOI-1680 b,,292.313979,65.9738018,,,,,,
TOI-1685 b,,68.5939529,43.0370395,,,,,,
TOI-1694 b,,97.7487104,66.3605956,,,,,,
TOI-1695 b,,21.9217346,72.2966148,,,,,,
TOI-1696 b,,65.280648,48.8198312,,,,,,
TOI-1728 b,,120.6116787,64.7971531,,,,,,
TOI-1736 b,,43.4344615,69.101345,,,,,,
TOI-1739 b,,240.172481,83.2586589,,,,,,
TOI-1751 b,,243.4888534,63.5335297,,,,,,
TOI-1753 b,,252.4698351,61.1735768,,,,,,
TOI-1758 b,,354.741581,75.6852317,,,,,,
TOI-1759 b,,326.8516615,62.7538164,,,,,,
TOI-1776 b,,164.7772913,40.9837182,,,,,,
TOI-178 b,,7.3020115,-30.4541159,,,,,,
TOI-178 c,,7.3020115,-30.4541159,,,,,,
TOI-178 d,,7.3020115,-30.4541159,,,,,,
TOI-178 e,,7.3020115,-30.4541159,,,,,,
TOI-178 f,,7.3020115,-30.4541159,,,,,,
TOI-178 g,,7.3020115,-30.4541159,,,,,,
TOI-1798.01,,211.0939367,46.5192825,,,,,,
TOI-1798.02,,211.0939367,46.5192825,,,,,,
TOI-1799 b,,167.2329152,34.3030149,,,,,,
TOI-1801 b,,175.5755995,23.0270335,,,,,,
TOI-1807 b,,201.2826259,38.9223671,,,,,,
TOI-1824 b,,197.7312286,61.7448492,,,,,,
TOI-1836 c,,245.9079242,54.6900774,,,,,,
TOI-1853 b,,211.4593468,16.9923703,,,,,,
TOI-1860 b,,226.4567308,64.0476821,,,,,,
TOI-198 b,,2.2715087,-27.1217452,,,,,,
TOI-2015 b,,232.1326528,27.361073,,,,,,
TOI-2068 b,,186.27356,60.4183455,,,,,,
TOI-2076 b,,217.3920159,39.7903991,,,,,,
TOI-2076 c,,217.3920159,39.7903991,,,,,,
TOI-2076 d,,217.3920159,39.7903991,,,,,,
TOI-2081 b,,264.3022634,53.0255666,,,,,,
TOI-2084 b,,259.2545389,72.7470231,,,,,,
TOI-2096 b,,151.6186989,74.8272107,,,,,,
TOI-2096 c,,151.6186989,74.8272107,,,,,,
TOI-2120 b,,23.507315,65.5139877,,,,,,
TOI-2128 b,,256.9817998,32.1053027,,,,,,
TOI-2134 b,,271.9355015,39.0729269,,,,,,
TOI-2134 c,,271.9355015,39.0729269,,,,,,
TOI-2136 b,,281.1763433,36.5631318,,,,,,
TOI-2141 b,,258.7623456,18.3403449,,,,,,
TOI-220 b,,91.7996988,-61.9972098,,,,,,
TOI-2257 b,,194.7396141,77.6617157,,,,,,
TOI-2374 b,,319.4982407,-22.0498228,,,,,,
TOI-238 b,,349.2310814,-18.6066463,,,,,,
TOI-238 c,,349.2310814,-18.6066463,,,,,,
TOI-2406 b,,8.8060544,-3.3720833,,,,,,
TOI-244 b,,10.5697537,-36.7179743,,,,,,
TOI-260 b,,4.7730178,-9.9661505,,,,,,
TOI-261.01,,15.2181412,-24.4239934,,,,,,
TOI-269 b,,75.8462827,-54.1777213,,,,,,
TOI-270 b,,68.4160804,-51.9573937,,,,,,
TOI-270 c,,68.4160804,-51.9573937,,,,,,
TOI-270 d,,68.4160804,-51.9573937,,,,,,
TOI-277 b,,19.0766985,-20.9532772,,,,,,
TOI-286 b,,90.9842762,-60.6663348,,,,,,
TOI-286 c,,90.9842762,-60.6663348,,,,,,
TOI-3235 b,,207.4738488,-46.0665139,,,,,,
TOI-3261 b,,47.7285242,-73.531972,,,,,,
TOI-3568 b,,322.6023682,34.7395805,,,,,,
TOI-3629 b,,359.7933851,39.3142556,,,,,,
TOI-3714 b,,69.5523415,39.4580035,,,,,,
TOI-3757 b,,91.0036423,55.0199793,,,,,,
TOI-3785 b,,130.9002258,63.0780768,,,,,,
TOI-3884 b,,181.5718341,12.5070258,,,,,,
TOI-3984 A b,,226.3371468,36.7869747,,,,,,
TOI-4010 b,,20.2148196,66.0722009,,,,,,
TOI-4010 c,,20.2148196,66.0722009,,,,,,
TOI-4010 d,,20.2148196,66.0722009,,,,,,
TOI-411 b,,54.819538,-42.7630276,,,,,,
TOI-411 c,,54.819538,-42.7630276,,,,,,
TOI-4184 b,,43.8284749,-79.4147039,,,,,,
TOI-421 b,,81.8532824,-14.2767404,,,,,,
TOI-421 c,,81.8532824,-14.2767404,,,,,,
TOI-431 b,,83.2692502,-26.7238698,,,,,,
TOI-431 c,,83.2692502,-26.7238698,,,,,,
TOI-431 d,,83.2692502,-26.7238698,,,,,,
TOI-4336 A b,,206.1070129,-40.3373505,,,,,,
TOI-4438 b,,270.3172389,35.5948992,,,,,,
TOI-444 b,,64.1839982,-26.7664071,,,,,,
TOI-4479 b,,316.0969388,24.6536739,,,,,,
TOI-4559 b,,211.0135378,-30.0141252,,,,,,
TOI-470 b,,94.0099043,-25.0314111,,,,,,
TOI-4860 b,,183.563961,-13.1748411,,,,,,
TOI-500 b,,106.559098,-47.5878156,,,,,,
TOI-519 b,,124.6067582,-19.6627918,,,,,,
TOI-5205 b,,313.7706819,24.360977,,,,,,
TOI-5293 A b,,355.828682,-2.0450945,,,,,,
TOI-530 b,,103.4128333,12.8815784,,,,,,
TOI-532 b,,85.0800537,11.5626373,,,,,,
TOI-544 b,,82.2900716,-0.3428983,,,,,,
TOI-561 b,,148.1851516,6.216103,,,,,,
TOI-561 c,,148.1851516,6.216103,,,,,,
TOI-561 d,,148.1851516,6.216103,,,,,,
TOI-561 e,,148.1851516,6.216103,,,,,,
TOI-5799 b,,301.630179,15.9891418,,,,,,
TOI-6034 b,,317.9001392,68.4020762,,,,,,
TOI-6086 b,,265.3704236,30.3037755,,,,,,
TOI-620 b,,142.1734459,-12.1671652,,,,,,
TOI-663 b,,160.0658525,-8.5110827,,,,,,
TOI-663 c,,160.0658525,-8.5110827,,,,,,
TOI-663 d,,160.0658525,-8.5110827,,,,,,
TOI-669 b,,158.9007013,-5.1813735,,,,,,
TOI-674 b,,164.5865592,-36.8581092,,,,,,
TOI-700 b,,97.0957165,-65.5786149,,,,,,
TOI-700 c,,97.0957165,-65.5786149,,,,,,
TOI-700 d,,97.0957165,-65.5786149,,,,,,
TOI-700 e,,97.0957165,-65.5786149,,,,,,
TOI-712 b,,92.9361063,-65.8258386,,,,,,
TOI-712 c,,92.9361063,-65.8258386,,,,,,
TOI-712 d,,92.9361063,-65.8258386,,,,,,
TOI-715 b,,113.8523276,-73.5774089,,,,,,
TOI-733 b,,159.4093183,-40.888259,,,,,,
TOI-757 b,,187.9948428,-35.5544523,,,,,,
TOI-762 A b,,166.0747423,-47.8214964,,,,,,
TOI-763 b,,194.468098,-39.7580613,,,,,,
TOI-763 c,,194.468098,-39.7580613,,,,,,
TOI-771 b,,164.1138903,-72.9851736,,,,,,
TOI-776 b,,178.577997,-37.5533568,,,,,,
TOI-776 c,,178.577997,-37.5533568,,,,,,
TOI-782 b,,183.9203614,-18.9103377,,,,,,
TOI-784 b,,159.3412205,-63.6556923,,,,,,
TOI-815 b,,155.8719377,-43.8349248,,,,,,
TOI-815 c,,155.8719377,-43.8349248,,,,,,
TOI-824 b,,222.1654705,-57.5888666,,,,,,
TOI-836 b,,225.0798831,-24.4542022,,,,,,
TOI-836 c,,225.0798831,-24.4542022,,,,,,
TOI-871 b,,74.7376264,-50.6274153,,,,,,
TOI-904 b,,89.3712733,-83.1297264,,,,,,
TOI-904 c,,89.3712733,-83.1297264,,,,,,
TOI-969 b,,115.1366858,2.0985879,,,,,,
TRAPPIST-1 b,,346.6263919,-5.0434618,,,,,,
TRAPPIST-1 c,,346.6263919,-5.0434618,,,,,,
TRAPPIST-1 d,,346.6263919,-5.0434618,,,,,,
TRAPPIST-1 e,,346.6263919,-5.0434618,,,,,,
TRAPPIST-1 f,,346.6263919,-5.0434618,,,,,,
TRAPPIST-1 g,,346.6263919,-5.0434618,,,,,,
TRAPPIST-1 h,,346.6263919,-5.0434618,,,,,,
TYC 2187-512-1 b,,320.5266829,22.9319351,,,,,,
Teegarden's Star b,,43.2691449,16.8649024,,,,,,
Teegarden's Star c,,43.2691449,16.8649024,,,,,,
Teegarden's Star d,,43.2691449,16.8649024,,,,,,
V1298 Tau b,,61.331654,20.1570318,,,,,,
V1298 Tau c,,61.331654,20.1570318,,,,,,
V1298 Tau d,,61.331654,20.1570318,,,,,,
V1298 Tau e,,61.331654,20.1570318,,,,,,
WASP-132 b,,217.6091998,-46.159516,,,,,,
WASP-43 b,,154.9081869,-9.8064431,,,,,,
WASP-47 d,,331.203092,-12.019067,,,,,,
WASP-47 e,,331.203092,-12.019067,,,,,,
WASP-59 b,,349.6229547,24.889277,,,,,,
WASP-6 b,,348.1571282,-22.6741248,,,,,,
WASP-80 b,,303.1667996,-2.1444369,,,,,,
WASP-84 c,,131.1069959,1.8598933,,,,,,
WASP-98 b,,58.4290113,-34.3282716,,,,,,
Wolf 1061 b,,247.5748276,-12.6676866,,,,,,
Wolf 1061 c,,247.5748276,-12.6676866,,,,,,
Wolf 1061 d,,247.5748276,-12.6676866,,,,,,
Wolf 1069 b,,306.5242477,58.5753044,,,,,,
Wolf 327 b,,148.3783199,35.570548,,,,,,
Wolf 503 b,,206.8461979,-6.1393369,,,,,,
YZ Cet b,,18.1330792,-16.9962434,,,,,,
YZ Cet c,,18.1330792,-16.9962434,,,,,,
YZ Cet d,,18.1330792,-16.9962434,,,,,,
gam Psc b,,349.2946794,3.2823664,,,,,,
pi Men c,,84.2992798,-80.4646041,,,,,,
rho CrB b,,240.2600639,33.3001861,,,,,,
rho CrB c,,240.2600639,33.3001861,,,,,,
rho CrB d,,240.2600639,33.3001861,,,,,,
rho CrB e,,240.2600639,33.3001861,,,,,,
tau Cet e,,26.0093029,-15.9337987,,,,,,
tau Cet f,,26.0093029,-15.9337987,,,,,,
tau Cet g,,26.0093029,-15.9337987,,,,,,
tau Cet h,,26.0093029,-15.9337987,,,,,,
